ChemblID,Smiles,pChEMBL Value,docking score
CHEMBL3939307,CNC(=O)c1ccccc1Sc1ccc2c(CCc3ccccn3)n[nH]c2c1,10.0,-13.522
CHEMBL1289926,CNC(=O)c1ccccc1Sc1ccc2c(/C=C/c3ccccn3)n[nH]c2c1,10.0,-13.438
CHEMBL5407330,COc1cc2c(Oc3ccc(NC(=O)Nc4ccc(OC(F)(F)F)cc4)c(Cl)c3)ncnc2cc1OCCCN1CCCC1,9.14,0.197
CHEMBL5403470,COc1cc2c(Oc3ccc(NC(=O)Nc4ccc(C)c(F)c4)c(Cl)c3)ncnc2cc1OCCCN1CCCC1,9.06,-1.973
CHEMBL5394759,COc1cc2c(Oc3ccc(NC(=O)Nc4cccc(C(F)(F)F)c4)c(Cl)c3)ncnc2cc1OCCCN1CCCC1,9.01,-4.24
CHEMBL4062877,Cc1n[nH]c2ccc(-c3cc(N[C@@H](CO)c4ccccc4)cnc3-c3cc(F)ccc3O)cc12,9.0,-7.743
CHEMBL535,CCN(CC)CCNC(=O)c1c(C)[nH]c(/C=C2\C(=O)Nc3ccc(F)cc32)c1C,9.0,-6.338
CHEMBL2180602,CCN(CC)CCNC(=O)c1c(C)[nH]c2c1CCC/C2=C1/C(=O)Nc2ccc(F)cc21,8.89,-4.017
CHEMBL5411585,COc1cc2c(Oc3ccc(NC(=O)Nc4ccc(C(F)(F)F)cc4)c(Cl)c3)ncnc2cc1OCCCN1CCCC1,8.85,-9.892
CHEMBL1946170,CNC(=O)c1cc(Oc2ccc(NC(=O)Nc3ccc(Cl)c(C(F)(F)F)c3)c(F)c2)ccn1,8.82,-9.509
CHEMBL572881,CC1(C)CNc2cc(NC(=O)c3cccnc3NCc3ccncc3)ccc21,8.7,-13.558
CHEMBL1271641,Oc1ccc(-c2cnn3cc(-c4ccc(OCCN5CCOCC5)cc4)cnc23)cc1O,8.7,-11.114
CHEMBL3646210,Cc1cccc(NC(=O)Nc2ccc(-c3csc4c(-c5cnn(C[C@H](C)O)c5)cnc(N)c34)cc2)c1,8.69,-4.004
CHEMBL491473,COc1cc2c(Oc3ccc4[nH]c(C)cc4c3F)ncnc2cc1OCCCN1CCCC1,8.67,-2.012
CHEMBL79060,Cc1cc2cc(Nc3ccnc4cc(-c5ccc(CNCCN6CCNCC6)cc5)sc34)ccc2[nH]1,8.52,-8.706
CHEMBL3764474,Cn1ccnc1-c1cc2c(Oc3ccc(NC(=S)NC(=O)Cc4ccccc4)cc3F)ccnc2s1,8.52,-8.381
CHEMBL453057,Cc1cccc(NC(=O)Nc2ccc(-c3cnc4c(-c5cnn(C)c5)ccn4c3N)cc2)c1,8.52,-2.159
CHEMBL5409075,COc1cc2c(Oc3ccc(NC(=O)Nc4ccc(C(F)(F)F)cc4)c(F)c3)ncnc2cc1OCCCN1CCCC1,8.51,-4.711
CHEMBL2180604,Cc1cc(C(=O)Nc2cc(Oc3ccc4nc(NC(=O)C5CC5)cn4n3)ccc2C)n(C)n1,8.49,-11.252
CHEMBL2180604,Cc1cc(C(=O)Nc2cc(Oc3ccc4nc(NC(=O)C5CC5)cn4n3)ccc2C)n(C)n1,8.49,-8.568
CHEMBL79206,CN(CCO)Cc1ccc(-c2cc3nccc(Nc4ccc5[nH]ccc5c4)c3s2)cc1,8.4,-10.419
CHEMBL312818,c1ccc(CCCN(c2cc3ncnc(Nc4ccc5[nH]ccc5c4)c3s2)n2ccnc2)cc1,8.4,-9.895
CHEMBL80164,Cc1cc2cc(Nc3ccnc4cc(-c5ccc(CNCCO)cc5)sc34)ccc2[nH]1,8.4,-7.796
CHEMBL1271532,c1cc(-c2cnc3c(-c4cn[nH]c4)cnn3c2)ccc1OCCN1CCOCC1,8.4,-6.87
CHEMBL379740,CC(C)(C)NC(=O)Nc1cccc2[nH]nc(-c3nc4cc(N5CCC(N6CCCCC6)CC5)ccc4[nH]3)c12,8.4,-5.301
CHEMBL3656090,Cc1ccc(F)c(NC(=O)Nc2ccc(Oc3ccnc(-c4cc(C(=O)NCCC(=O)O)c[nH]4)c3)cc2F)c1,8.3,-14.305
CHEMBL312482,c1cc(Nc2ccc3[nH]ccc3c2)c2sc(-c3ccc(CN4CCOCC4)cc3)cc2n1,8.3,-7.553
CHEMBL255955,Nc1n[nH]c2nccc(-c3ccc(NC(=O)Nc4cccc(C(F)(F)F)c4)cc3)c12,8.3,-6.094
CHEMBL1784637,CNC(=O)c1ncc(C#Cc2cc(C(=O)Nc3ccc(CN4CCN(CCO)CC4)c(C(F)(F)F)c3)ccc2C)n1C,8.28,-7.948
CHEMBL3656111,Cc1cccc(NC(=O)Nc2ccc(Oc3ccnc(-c4cc(C(=O)N5CCC[C@@H](O)C5)c[nH]4)c3)cc2)c1,8.22,-12.614
CHEMBL310740,OCCNCc1ccc(-c2cc3nccc(Nc4ccc5[nH]ccc5c4)c3s2)cc1,8.22,-10.844
CHEMBL3934764,Cc1ccc(F)c(NC(=O)Nc2ccc(Oc3ccnc4cc(C(=O)NCCCN5CCN(C)CC5)sc34)cc2F)c1,8.22,-6.428
CHEMBL1230609,COc1cc2c(Oc3ccc(NC(=O)C4(C(=O)Nc5ccc(F)cc5)CC4)cc3F)ccnc2cc1OCCCN1CCOCC1,8.17,1.147
CHEMBL273564,Nc1ncnc2occ(-c3ccc(NC(=O)Nc4cccc(C(F)(F)F)c4)cc3)c12,8.15,-12.649
CHEMBL2220486,CNC(=O)c1cccc2cc(Oc3ccnc4cc(OCC5(N)CC5)c(OC)cc34)ccc12,8.15,-9.587
CHEMBL2220486,CNC(=O)c1cccc2cc(Oc3ccnc4cc(OCC5(N)CC5)c(OC)cc34)ccc12,8.15,-9.587
CHEMBL2180605,CNC(=O)c1cccc2cc(Oc3ccnc4cc(OCC5(N)CC5)c(OC)cc34)ccc12.Cl,8.15,-9.257
CHEMBL3897945,Cc1ccc(F)c(NC(=O)Nc2ccc(Oc3ccnc4cc(C(=O)NCCCC(=O)O)sc34)cc2)c1,8.15,-6.682
CHEMBL247228,Nc1ncnc2occ(-c3ccc(NC(=O)Nc4cc(C(F)(F)F)ccc4F)cc3)c12,8.11,-8.92
CHEMBL4109002,COC(=O)[C@@H]1C[C@@H](O)CN1CCCNC(=O)c1cc2nccc(Oc3ccc(NC(=O)Nc4cc(C)ccc4F)c(F)c3)c2s1,8.1,-13.521
CHEMBL3979830,COC(=O)CNCCCNC(=O)c1cc2nccc(Oc3ccc(NC(=O)Nc4cc(C)ccc4F)c(F)c3)c2s1,8.1,-9.787
CHEMBL258015,CO/N=C(\C)c1ccc2c(c1)c1c3c(c4c(c1n2CC(C)C)CCc1nn(C)cc1-4)C(=O)NC3,8.1,-5.42
CHEMBL3967877,Cc1ccc(F)c(NC(=O)Nc2ccc(Oc3ccnc4cc(C(=O)NCCCN5CCCC(CO)C5)sc34)cc2F)c1,8.1,-4.911
CHEMBL5419881,COc1cc2c(Oc3ccc(NC(=O)Nc4ccc(F)cc4)c(F)c3)ncnc2cc1OCCCN1CCCC1,8.03,-4.594
CHEMBL3660270,Cc1ccc(F)c(NC(=O)Nc2ccc(Oc3ccnc(-c4cc(C(=O)NCCCO)c[nH]4)c3)cc2)c1,8.0,-13.21
CHEMBL3934764,Cc1ccc(F)c(NC(=O)Nc2ccc(Oc3ccnc4cc(C(=O)NCCCN5CCN(C)CC5)sc34)cc2F)c1,7.96,-6.677
CHEMBL209704,c1ccc(COc2ccc3c(-c4nc5cc(N6CCC(N7CCCCC7)CC6)ccc5[nH]4)[nH]nc3c2)cc1,7.96,-4.844
CHEMBL2087168,CCN1CCC(Nc2ccc3c(c2)C(=C(c2cc(F)cc(F)c2)c2nc(C)c[nH]2)C(=O)N3)CC1,7.96,-2.337
CHEMBL2105717,COc1cc2nccc(Oc3ccc(NC(=O)C4(C(=O)Nc5ccc(F)cc5)CC4)cc3)c2cc1OC,7.92,-5.895
CHEMBL204426,Nc1c(-c2nc3cc(N4CCOCC4)ccc3[nH]2)c(=O)[nH]c2ccccc12,7.92,-5.229
CHEMBL1668411,COc1cc(O)c2c(c1)/C=C/C[C@@H](O)[C@H](O)C(=O)/C=C\C[C@H](C)OC2=O,7.92,-4.878
CHEMBL1946170,CNC(=O)c1cc(Oc2ccc(NC(=O)Nc3ccc(Cl)c(C(F)(F)F)c3)c(F)c2)ccn1,7.89,-9.509
CHEMBL1946170,CNC(=O)c1cc(Oc2ccc(NC(=O)Nc3ccc(Cl)c(C(F)(F)F)c3)c(F)c2)ccn1,7.89,-9.276
CHEMBL502835,COC(=O)c1ccc2c(c1)NC(=O)/C2=C(\Nc1ccc(N(C)C(=O)CN2CCN(C)CC2)cc1)c1ccccc1,7.89,-3.412
CHEMBL5432573,COc1cc2c(Oc3ccc(NC(=O)Nc4cccc(OC(F)(F)F)c4)c(Cl)c3)ncnc2cc1OCCCN1CCCC1,7.86,-2.686
CHEMBL213910,CN1CCN(Cc2ccc3c(c2)-c2n[nH]c(-c4ccc(CN(C)C(=O)Nc5cccc(C(F)(F)F)c5)s4)c2C3)CC1,7.85,-6.952
CHEMBL3918564,COC(=O)CN(CCCNC(=O)c1cc2nccc(Oc3ccc(NC(=O)Nc4cc(C)ccc4F)cc3)c2s1)CC(=O)OC,7.85,-6.399
CHEMBL202011,O=C(Nc1cnc2ccccc2c1)c1ccccc1NCc1ccncc1,7.82,-13.618
CHEMBL380372,COC(=O)c1ccc2[nH]nc(-c3nc4cc(N5CCC(N6CCCCC6)CC5)ccc4[nH]3)c2c1,7.82,-6.014
CHEMBL431977,NC(=O)C1CCN(Cc2ccc(-c3cc4nccc(Nc5ccc6[nH]ccc6c5)c4s3)cc2)CC1,7.77,-11.332
CHEMBL3965868,CCOC(=O)CN1CCN(C(=O)c2cc3nccc(Oc4ccc(NC(=O)Nc5cc(C)ccc5F)c(F)c4)c3s2)CC1,7.77,-8.894
CHEMBL379088,CN1CCN(Cc2ccc3c(c2)Cc2c-3n[nH]c2-c2ccc(CN(C)C(=O)Nc3cccc(OC(F)(F)F)c3)s2)CC1,7.72,-4.425
CHEMBL3355065,CNc1cc2ccc(C#CCOc3ccc(CN4CCNCC4)c(C(F)(F)F)c3)cc2cn1,7.7,-13.461
CHEMBL378831,CN1CCN(Cc2ccc3c(c2)-c2n[nH]c(-c4ccc(CN(C)C(=O)Nc5cccc(Cl)c5)s4)c2C3)CC1,7.7,-6.388
CHEMBL246166,COC(=O)C(=O)Nc1cccc2c1Cc1c-2n[nH]c1-c1csc(C#CCOc2ccccc2)c1,7.7,-5.923
CHEMBL4075720,CN1CCN(Cc2ccc(NC(=O)c3n[nH]cc3Nc3ncnc4sccc34)cc2)CC1,7.7,-4.856
CHEMBL379108,c1cc2[nH]nc(-c3nc4cc(N5CCC(N6CCCCC6)CC5)ccc4[nH]3)c2cc1NCC1CCCCC1,7.68,-6.977
CHEMBL204727,Nc1c(-c2nc3ccc[nH]c-3n2)c(O)nc2ccccc12,7.66,-8.518
CHEMBL77782,CN(C)CCc1ccc(-c2cc3ncnc(Nc4ccc5[nH]ccc5c4)c3s2)cc1,7.66,-7.696
CHEMBL1289601,COc1cc2nccc(Oc3ccc(NC(=O)NC4CC4)c(Cl)c3)c2cc1C(N)=O,7.66,-7.08
CHEMBL270084,COc1ccc(-c2ccc(NC(=O)Nc3cc(C)ccc3F)cc2)c2c(N)noc12,7.62,-8.73
CHEMBL3964954,Cn1cc(-c2ccc3c(c2)ncn3-c2cc(NS(=O)(=O)C3CC3)cc(-c3ccc(F)cc3F)c2)cn1,7.58,-2.703
CHEMBL274654,Cc1[nH]c(/C=C2\C(=O)Nc3ccccc32)c(C)c1CCC(=O)O,7.55,-9.591
CHEMBL378299,c1ccc2c(-c3nc4cc(N5CCC(N6CCCCC6)CC5)ccc4[nH]3)[nH]nc2c1,7.55,-2.171
CHEMBL442273,COCC(=O)Nc1cccc2c1Cc1c-2n[nH]c1-c1ccsc1,7.52,-5.746
CHEMBL1336,CNC(=O)c1cc(Oc2ccc(NC(=O)Nc3ccc(Cl)c(C(F)(F)F)c3)cc2)ccn1,7.51,-8.658
CHEMBL378895,CN1CCN(Cc2ccc3c(c2)Cc2c-3n[nH]c2-c2ccc(CN(C)C(=O)Nc3cc(F)cc(C(F)(F)F)c3)s2)CC1,7.48,-12.29
CHEMBL2409775,Cc1cc(C(=O)Nc2cccc(Oc3ccc4nc(NC(=O)C5CC5)nn4c3)c2)n(C)n1,7.48,-11.007
CHEMBL3656035,Cc1ccc(F)c(NC(=O)c2cccc(Oc3ccnc(-c4cc(C(=O)NO)c[nH]4)c3)c2)c1,7.47,-12.885
CHEMBL502835,COC(=O)c1ccc2c(c1)NC(=O)/C2=C(\Nc1ccc(N(C)C(=O)CN2CCN(C)CC2)cc1)c1ccccc1,7.47,-3.412
CHEMBL3039504,CCS(=O)(=O)O.COC(=O)c1ccc2c(c1)NC(=O)/C2=C(\Nc1ccc(N(C)C(=O)CN2CCN(C)CC2)cc1)c1ccccc1,7.47,-3.412
CHEMBL3288526,Nc1ncnc2scc(-c3ccc4c(C(=O)Nc5ccccc5)cccc4c3)c12,7.46,-5.429
CHEMBL5406841,COc1cc2c(Oc3ccc(NC(=O)Nc4cnn(C)c4)c(Cl)c3)ncnc2cc1OCCCN1CCCC1,7.43,-4.782
CHEMBL269884,COc1ccc(-c2ccc(NC(=O)Nc3cccc(Cl)c3)cc2)c2c(N)noc12,7.42,-9.273
CHEMBL1807467,CN1CCN(c2ccc(C(=O)Nc3cc(-c4cccc(NS(=O)(=O)c5cccc(Cl)c5)c4)n[nH]3)cc2)CC1,7.4,-1.134
CHEMBL1090479,CCn1cc(-c2ccnc3[nH]c(-c4cccc(CN(C)C)c4)cc23)c(-c2ccc(NC(=O)N(C)C)cc2)n1,7.38,-2.741
CHEMBL276711,Cc1cc(C)c(/C=C2\C(=O)Nc3ccccc32)[nH]1,7.37,-5.179
CHEMBL208600,CN1CCN(c2ccc3[nH]c(-c4[nH]nc5ccccc45)nc3c2)CC1,7.36,-9.481
CHEMBL76432,c1ccc(-c2cc3ncnc(Nc4ccc5[nH]ccc5c4)c3s2)cc1,7.32,-6.609
CHEMBL3986135,COc1cc2c(Nc3ccc(Br)c(Cl)c3F)ncnc2cc1OC[C@@H]1CN2CCC[C@H]2C(=O)N1,7.3,-8.24
CHEMBL3931623,COc1cc2c(Nc3ccc(Cl)c(Cl)c3)ncnc2cc1OC[C@H]1CN2CCC[C@H]2CO1,7.3,-7.263
CHEMBL3971781,COc1cc2c(Nc3ccc(Cl)c(Cl)c3F)ncnc2cc1OC[C@H]1CN2CCOC[C@H]2CO1,7.3,-7.153
CHEMBL3908311,COc1cc2c(Nc3cc(Cl)c(Cl)cc3F)ncnc2cc1OC[C@@H]1CN2CCOC[C@H]2CO1,7.3,-7.102
CHEMBL3983466,COc1cc2c(Nc3ccc(Cl)c(Cl)c3F)ncnc2cc1OC[C@@H]1CN2CCC[C@H]2C(=O)N1C,7.3,-7.096
CHEMBL3945072,COc1cc2c(Nc3ccc(Cl)c(Cl)c3F)ncnc2cc1OC[C@@H]1CN2CCC[C@@H]2C(=O)N1,7.3,-6.793
CHEMBL3921689,COc1cc2c(Nc3ccc(Br)c(Cl)c3)ncnc2cc1O[C@H]1CO[C@H]2[C@@H]1OC[C@@H]2OC(F)F,7.3,-6.04
CHEMBL3905501,COc1cc2c(Nc3ccc(Br)c(Cl)c3Cl)ncnc2cc1OC[C@@H]1CN2CCOC[C@H]2CO1,7.3,-5.877
CHEMBL473287,O=C(Nc1cccc(Br)c1)c1nscc1NCc1ccncc1,7.26,-10.447
CHEMBL524453,COC(=O)c1ccc2c(c1)NC(=O)/C2=C(\Nc1ccc(N(C)C(=O)Cn2ccnc2)cc1)c1ccccc1,7.26,-3.856
CHEMBL380068,CCCN(Cc1ccc(-c2[nH]nc3c2Cc2cc(CN4CCN(C)CC4)ccc2-3)s1)C(=O)Nc1cccc(C)c1,7.23,-11.55
CHEMBL3944929,COC(=O)CNCCCNC(=O)c1cc2nccc(Oc3cccc(C(=O)Nc4cc(C)ccc4F)c3)c2s1,7.23,-9.093
CHEMBL2086757,CCN1CCC(Nc2ccc3c(c2)C(=C(c2cc(F)cc(F)c2)c2nc4ccccc4[nH]2)C(=O)N3)CC1,7.18,-0.316
CHEMBL5401089,COc1cc2c(Oc3ccc(NC(=O)Nc4ccc(Cl)c(C(F)(F)F)c4)c(Cl)c3)ncnc2cc1OCCCN1CCCC1,7.16,-9.09
CHEMBL597492,COc1cc(C2=C(c3c[nH]c4ccc(I)cc34)C(=O)NC2=O)cc(OC)c1OC,7.16,-5.612
CHEMBL223360,Cc1ccc(F)c(NC(=O)Nc2ccc(-c3cccc4[nH]nc(N)c34)cc2)c1,7.16,-4.81
CHEMBL271188,COCCNC(=O)c1cccc2cc(Oc3ccnc4cc(OC)c(OC)cc34)ccc12,7.14,-8.151
CHEMBL605957,COc1cc(C2=C(c3c[nH]c4ccc(Br)cc34)C(=O)NC2=O)cc(OC)c1OC,7.14,-5.262
CHEMBL3907284,CCNC(=O)c1cc2nccc(Oc3cccc(C(=O)Nc4cc(C)ccc4F)c3)c2s1,7.13,-13.37
CHEMBL205405,CN1CCN(c2ccc3[nH]c(-c4c(O)nc5cccnc5c4N)nc3c2)CC1,7.13,-3.028
CHEMBL4281823,CCn1cc(-c2ccc3c(c2)CCN3C(=O)Cc2cccc(OC(F)(F)F)c2)c2c(N)ncnc21,7.12,-6.099
CHEMBL76432,c1ccc(-c2cc3ncnc(Nc4ccc5[nH]ccc5c4)c3s2)cc1,7.1,-6.585
CHEMBL393779,Cn1cnc(NCc2ccncc2)c1C(=O)Nc1ccc(C(C)(C)C)cc1,7.06,-10.908
CHEMBL5201102,COC(=O)c1ccc2c(C(Nc3ccc(N(C)C(=O)CN4CCN(C)CC4)cc3)c3ccccc3)c(O)[nH]c2c1,7.0,-5.631
CHEMBL24828,COc1cc2/c(=N/c3ccc(Br)cc3F)nc[nH]c2cc1OCC1CCN(C)CC1,7.0,-5.519
CHEMBL24828,COc1cc2/c(=N/c3ccc(Br)cc3F)nc[nH]c2cc1OCC1CCN(C)CC1,7.0,-0.714
CHEMBL4858720,Nc1ncnc2c1c(-c1cccc(O)c1)cn2[C@H]1C[C@@H](CO)C1,6.96,-5.756
CHEMBL3965868,CCOC(=O)CN1CCN(C(=O)c2cc3nccc(Oc4ccc(NC(=O)Nc5cc(C)ccc5F)c(F)c4)c3s2)CC1,6.95,-9.737
CHEMBL393636,O=C1Nc2ccc(O)cc2/C1=C/c1ccc[nH]1,6.94,-5.329
CHEMBL153843,O=C(Nc1cccc(C(F)(F)F)c1)c1ccccc1NCc1ccncc1,6.89,-12.874
CHEMBL153843,O=C(Nc1cccc(C(F)(F)F)c1)c1ccccc1NCc1ccncc1,6.89,-12.779
CHEMBL101253,Clc1ccc(Nc2nnc(Cc3ccncc3)c3ccccc23)cc1,6.85,-14.291
CHEMBL101253,Clc1ccc(Nc2nnc(Cc3ccncc3)c3ccccc23)cc1,6.85,-13.954
CHEMBL101253,Clc1ccc(Nc2nnc(Cc3ccncc3)c3ccccc23)cc1,6.85,-13.954
CHEMBL80302,Cc1cc2cc(Nc3ncnc4cc(-c5ccccc5)sc34)ccc2[nH]1,6.85,-6.96
CHEMBL1807469,Cc1cccc(S(=O)(=O)Nc2cccc(-c3cc(NC(=O)c4ccc(N5CCN(C)CC5)cc4)[nH]n3)c2)c1,6.85,-4.599
CHEMBL74197,Cc1cc(C)cc(Nc2nnc(Cc3ccncc3)c3ccccc23)c1,6.82,-12.689
CHEMBL395427,CCOC(=O)CC(=O)Nc1cccc2c1Cc1c-2n[nH]c1-c1csc(C#CCOc2ccccc2)c1,6.82,-10.041
CHEMBL211940,Fc1cccc2c(-c3nc4cc(N5CCC(N6CCCCC6)CC5)ccc4[nH]3)[nH]nc12,6.82,-4.718
CHEMBL24979,COc1cc2c(Nc3ccc(Br)cc3F)ncnc2cc1OCCC1CCN(C)CC1,6.82,-3.52
CHEMBL3735648,CC1(C)c2cc(C3CCN(CC4CCOCC4)CC3)ccc2C(=O)c2c1[nH]c1cc(C#N)ccc21,6.8,-3.367
CHEMBL377345,O=c1[nH]c2ccccc2c(O)c1-c1nc2ccccc2[nH]1,6.79,-9.185
CHEMBL153843,O=C(Nc1cccc(C(F)(F)F)c1)c1ccccc1NCc1ccncc1,6.77,-12.506
CHEMBL153843,O=C(Nc1cccc(C(F)(F)F)c1)c1ccccc1NCc1ccncc1,6.77,-11.892
CHEMBL515880,O=C(Nc1cccc(C(F)(F)F)c1)c1nscc1NCc1ccncc1,6.77,-10.822
CHEMBL381207,Cc1sc2ncnc(N)c2c1-c1ccc(NC(=O)Nc2cc(C(F)(F)F)ccc2F)cc1,6.77,-6.09
CHEMBL238522,CC(C)c1ccc(NC(=O)c2c(NCc3ccncc3)ncn2C)cc1,6.75,-11.355
CHEMBL2063327,O=C(NCc1ccc(-c2cc(NC(=O)c3ccc(OCCCN4CCCC4)cc3)[nH]n2)cc1)OCc1ccccc1,6.75,-7.76
CHEMBL470441,Cc1ccc(NC(=O)c2nscc2NCc2ccncc2)cc1C(F)(F)F,6.72,-11.754
CHEMBL2448067,COc1cc2c(Nc3ccc(Cl)cc3F)ncnc2cc1OCCCN1CCCC1.Cl,6.7,-7.015
CHEMBL1807392,CN1CCN(c2ccc(C(=O)Nc3cc(-c4cccc(NS(=O)(=O)c5ccccc5)c4)n[nH]3)cc2)CC1,6.68,-1.616
CHEMBL3896274,Cc1ccoc1C(=O)Nc1cccc(Oc2ccnc3cc(C(=O)OCCO)sc23)c1,6.67,-8.598
CHEMBL392935,CCc1ccc(NC(=O)c2ccnn2CCc2ccncc2)cc1,6.66,-10.804
CHEMBL3929416,Cc1ccc(F)c(NC(=O)c2cccc(Oc3ccnc4cc(C(=O)O)sc34)c2)c1,6.65,-13.477
CHEMBL75077,Clc1ccc(Nc2nnc(Cc3ccncc3)c3ncccc23)cc1,6.62,-13.309
CHEMBL2063328,CN1CCN(c2ccc(C(=O)Nc3cc(-c4ccc(CNC(=O)OCc5cccnc5)cc4)n[nH]3)cc2)CC1,6.6,-4.954
CHEMBL306707,Cc1c(Cc2ccncc2)nnc(Nc2ccc(Cl)cc2)c1C,6.58,-12.429
CHEMBL473288,O=C(Nc1ccc(Br)cc1)c1nscc1NCc1ccncc1,6.58,-10.013
CHEMBL246546,OCCNCc1cccc2c1Cc1c-2n[nH]c1-c1ccsc1,6.57,-6.672
CHEMBL261592,Cc1cc2cc(Nc3ncnn4cc(-c5nnc(C)o5)c(C(C)C)c34)cnc2[nH]1,6.57,-5.461
CHEMBL3937925,Cc1ccoc1C(=O)Nc1cccc(Oc2ccnc3cc(C(=O)NO)sc23)c1,6.56,-8.092
CHEMBL150817,COCCOc1cc2nccc(Nc3ccc(Cl)cc3F)c2cc1OC,6.52,-7.152
CHEMBL381182,FC(F)(F)c1ccc(Nc2nnc(-c3cccnc3CCc3ccncc3)o2)cc1,6.5,-8.56
CHEMBL525550,COC(=O)c1ccc2c(c1)NC(=O)/C2=C(\Nc1ccc(C(=O)N(C)CCN(C)C)cc1)c1ccccc1,6.49,0.65
CHEMBL391184,COc1ccc(F)c(NC(=O)Nc2ccc(-c3coc4ncnc(N)c34)cc2)c1,6.48,-3.791
CHEMBL241084,COc1ccc(NC(=O)c2c(NCc3ccncc3)cnn2C)cc1OC,6.46,-9.724
CHEMBL238528,Cn1cnc(NCc2ccncc2)c1C(=O)Nc1ccc(Cl)c(Cl)c1,6.43,-10.272
CHEMBL246342,O=C(O)CCNC(=O)c1cccc2c1Cc1c-2n[nH]c1-c1ccsc1,6.43,-7.118
CHEMBL2063326,O=C(NCc1ccc(-c2cc(NC(=O)c3ccc(OCCN4CCOCC4)cc3)[nH]n2)cc1)OCc1ccccc1,6.43,-4.439
CHEMBL101253,Clc1ccc(Nc2nnc(Cc3ccncc3)c3ccccc23)cc1,6.42,-14.109
CHEMBL474709,O=C(Nc1ccc2ccccc2n1)c1nscc1NCc1ccncc1,6.42,-12.059
CHEMBL377300,Cc1cc2c(F)c(Oc3ncnn4cc(OC[C@@H](C)O)c(C)c34)ccc2[nH]1,6.42,-7.776
CHEMBL286160,COCCOc1cc2ncnc(Nc3ccc(Cl)cc3F)c2cc1OC,6.4,-7.485
CHEMBL1807471,COc1ccc(S(=O)(=O)Nc2cccc(-c3cc(NC(=O)c4ccc(N5CCN(C)CC5)cc4)[nH]n3)c2)cc1,6.38,-5.566
CHEMBL4533153,COc1cc2c(Oc3ccc(NC(=O)NS(=O)(=O)Cc4ccc(F)cc4)cc3F)ccnc2cc1OCCCN1CCCC1,6.38,-4.052
CHEMBL3948737,CCN(CC)C(=O)c1cc2nccc(Oc3cccc(NC(=O)c4occc4C)c3)c2s1,6.37,-8.472
CHEMBL204099,CC(C)c1ccc(NC(=O)c2ccccc2Cn2ccc3ncnc-3c2)cc1,6.36,-12.696
CHEMBL238720,Cc1noc(NCc2ccncc2)c1C(=O)Nc1ccc(C(C)C)cc1,6.36,-11.77
CHEMBL247252,Nc1ncnc2occ(-c3ccc(NC(=O)Nc4cccc5ccccc45)cc3)c12,6.35,-12.254
CHEMBL236206,O=C(Nc1cccc(OC(F)(F)F)c1)c1ccnn1CCc1ccncc1,6.35,-12.066
CHEMBL25450,COc1cc2c(Nc3c(F)cc(Cl)cc3F)ncnc2cc1OCC1CCNCC1,6.35,-7.08
CHEMBL205884,Cn1cnc(NCc2ccncc2)c1-c1nnc(Nc2ccc(OC(F)(F)Cl)cc2)o1,6.34,-8.927
CHEMBL207772,FC(F)(F)Oc1ccc(Nc2nnc(-c3cnccc3CCc3ccncc3)o2)cc1,6.33,-9.986
CHEMBL1271480,O=c1ccc(-c2cnn3cc(-c4ccc(OCCN5CCOCC5)cc4)cnc23)c[nH]1,6.33,-9.979
CHEMBL383333,CC(C)(C)c1ccc(Nc2nnc(-c3cnccc3CCc3ccncc3)o2)cc1,6.32,-11.81
CHEMBL150606,COc1cc2c(Nc3ccc(Cl)cc3F)ncnc2cc1OCCn1cncn1,6.3,-7.111
CHEMBL205127,Cn1cnc(NCc2ccncc2)c1-c1nnc(Nc2ccc(Cl)c(C(F)(F)F)c2)o1,6.29,-10.004
CHEMBL2086725,O=C1Nc2ccccc2C1=C(c1cccc(F)c1)c1nc2ccccc2[nH]1,6.28,-3.847
CHEMBL202643,Cc1cccc(NC(=O)c2ccccc2Cn2ccc3ncnc-3c2)c1,6.24,-13.055
CHEMBL238530,Cn1cnc(NCc2ccncc2)c1C(=O)Nc1ccc(C(F)(F)F)c(C(F)(F)F)c1,6.24,-12.12
CHEMBL2086737,O=C1Nc2cc(C(=O)O)ccc2C1=C(c1ccccc1)c1nc2ccccc2[nH]1,6.24,-7.825
CHEMBL488840,Cc1cccc(C)c1/C=C/n1cnc2c(Nc3ccc(P(C)(C)=O)cc3)ncnc21,6.23,-7.275
CHEMBL77555,FC(F)(F)c1cc(Nc2nnc(Cc3ccncc3)c3ccccc23)ccc1Cl,6.22,-14.737
CHEMBL77933,FC(F)(F)c1cc(Br)cc(Nc2nnc(Cc3ccncc3)c3ccccc23)c1,6.22,-10.587
CHEMBL212084,c1cn(Cc2ccc3c(c2)-c2[nH]nc(-c4ccsc4)c2C3)cn1,6.22,-7.021
CHEMBL312526,Cc1cc(Cc2nnc(Nc3ccc(Cl)cc3)c3ccccc23)ccn1,6.21,-13.538
CHEMBL380932,CC(C)(C)c1ccc(NC(=O)c2ccccc2Cn2ccc3ncnc-3c2)cc1,6.21,-9.579
CHEMBL2096839,Cc1ccc(NC(=O)NCc2ccc(-c3n[nH]c4c3Cc3ccc(CN5CCN(C)CC5)cc3-4)s2)cc1,6.21,-9.195
CHEMBL78685,c1ccc(-c2cc3ncnc(Nc4ccc5[nH]ncc5c4)c3s2)cc1,6.21,-8.567
CHEMBL461605,c1ccc(-c2cn(-c3ccc4ccccc4n3)nn2)c(NCc2ccncc2)c1,6.19,-10.977
CHEMBL516645,c1ccc(-c2cn(-c3ccc4[nH]ncc4c3)nn2)c(NCc2ccncc2)c1,6.19,-10.867
CHEMBL393418,Cn1cnc(NCc2ccncc2)c1C(=O)NCc1ccc2c(c1)OCO2,6.19,-10.445
CHEMBL400216,Cc1ccc(NC(=O)c2c(NCc3ccncc3)cnn2C)cc1C(F)(F)F,6.18,-11.058
CHEMBL512863,Cc1cc(NC(=O)c2nscc2NCc2ccncc2)ccc1C(F)(F)F,6.17,-11.534
CHEMBL2086722,Cc1cccc(C(=C2C(=O)Nc3ccccc32)c2nc3ccccc3[nH]2)c1,6.17,-3.962
CHEMBL2086749,CCN1CCC(Oc2ccc3c(c2)C(=C(c2ccccc2)c2nc4cc(OC)ccc4[nH]2)C(=O)N3)CC1,6.16,-0.837
CHEMBL245769,COCC(=O)Nc1cccc2c1Cc1c-2n[nH]c1-c1csc(C#CCOc2ccccc2)c1,6.15,-6.637
CHEMBL245768,CN1CCN(CC(=O)Nc2cccc3c2Cc2c-3n[nH]c2-c2ccsc2)CC1,6.15,-6.104
CHEMBL205639,FC(F)(F)Oc1cccc(Nc2nnc(-c3ccncc3CCc3ccncc3)o2)c1,6.15,-5.739
CHEMBL202384,CC(C)(C)c1ccc(NC(=O)c2scnc2CCc2ccncc2)cc1,6.14,-11.825
CHEMBL205502,FC(F)(Cl)Oc1ccc(Nc2nnc(-c3cccnc3CCc3ccncc3)o2)cc1,6.14,-10.792
CHEMBL202805,Cc1cccc(NC(=O)c2ccccc2Cn2ccc3cnccc32)c1,6.13,-11.705
CHEMBL381293,FC(F)(F)Oc1cccc(Nc2nnc(-c3cnccc3CCc3ccncc3)o2)c1,6.13,-11.209
CHEMBL1081198,O=C(Nc1cccc(-c2cn3ccnc3c(NCc3ccncc3)n2)c1)Nc1cccc(C(F)(F)F)c1,6.13,-9.124
CHEMBL238531,Cn1ncc(NCc2ccncc2)c1C(=O)Nc1cccc(C(F)(F)F)c1,6.12,-11.348
CHEMBL241669,Cn1cnc(NCc2ccncc2)c1C(=O)Nc1cccc(OC(F)(F)F)c1,6.12,-9.758
CHEMBL1744349,COc1cc2c(Nc3ccc(Cl)cc3F)ncnc2cc1OC/C=C/CN1CCCC1.Cl,6.12,-5.938
CHEMBL234203,O=C(Nc1ccc(C(F)(F)F)cc1)c1nccn1CCc1ccncc1,6.1,-11.447
CHEMBL151067,COc1cc2c(Nc3ccc(Cl)cc3F)ncnc2cc1OCc1ccsc1,6.1,-7.08
CHEMBL151942,COc1cc2ncnc(Nc3ccc(I)cc3F)c2cc1OC,6.1,-6.313
CHEMBL392330,O=C(Nc1ccc(Cl)c(Cl)c1)c1ccnn1CCc1ccncc1,6.07,-11.09
CHEMBL509032,COc1cc(N2CCC(N3CCN(C)CC3)CC2)ccc1Nc1ncc(Cl)c(Nc2ccccc2S(=O)(=O)C(C)C)n1,6.06,-5.981
CHEMBL393001,O=C(Nc1ccc(Cl)cc1)c1nnnn1CCc1ccncc1,6.05,-9.959
CHEMBL238735,Cn1cnc(NCc2ccncc2)c1C(=O)Nc1ccc(Cl)c(C(F)(F)F)c1,6.02,-11.115
CHEMBL473268,O=C(Nc1ccc(Cl)c(C(F)(F)F)c1)c1nscc1NCc1ccncc1,6.01,-10.975
CHEMBL240607,Cc1noc(NCc2ccncc2)c1C(=O)Nc1ccc(Cl)c(Cl)c1,6.01,-10.817
CHEMBL411043,ClC(Cn1ncc2c(NCc3ccccc3)ncnc21)c1ccccc1,6.0,-8.505
CHEMBL3958481,COc1cc2c(Nc3ccc(Cl)c(Cl)c3Cl)ncnc2cc1O[C@@H]1C[C@H]2OC[C@H](OC)[C@H]2O1,6.0,-7.823
CHEMBL3961005,COc1cc2c(Nc3ccc(Br)c(Cl)c3F)ncnc2cc1O[C@@H]1C[C@H]2OC[C@H](OC)[C@H]2O1,6.0,-7.818
CHEMBL2448064,COc1cc2c(Nc3ccc(Cl)cc3F)ncnc2cc1OCC1CCNCC1.Cl,6.0,-7.369
CHEMBL3919145,COc1cc2c(Nc3ccc(Cl)c(Cl)c3)ncnc2cc1O[C@@H]1C[C@H]2OC[C@H](OC)[C@H]2O1,6.0,-6.703
CHEMBL4097778,CN1C(=O)[C@@H](N2CCc3cn(CC4CCS(=O)(=O)CC4)nc3C2=O)COc2ccccc21,6.0,-4.282
CHEMBL3920036,COc1cc2c(Nc3ccc(Cl)c(Cl)c3)ncnc2cc1OC1C[C@@H]2CN(C)C[C@@H]2C1,6.0,-4.078
CHEMBL25610,COc1cc2c(Nc3ccc(Cl)cc3F)ncnc2cc1OCCN1CCOCC1,5.96,-7.151
CHEMBL25610,COc1cc2c(Nc3ccc(Cl)cc3F)ncnc2cc1OCCN1CCOCC1,5.96,-6.691
CHEMBL429643,Cn1ncc(NCc2ccncc2)c1C(=O)Nc1ccc(Cl)c(C(F)(F)F)c1,5.95,-11.383
CHEMBL205413,O=C(Nc1ccc(OC(F)(F)Cl)cc1)c1ccccc1Cn1ccc2ncnc-2c1,5.94,-12.09
CHEMBL234010,Cc1cc(C(=O)Nc2ccc(Cl)cc2)n(CCc2ccncc2)n1,5.91,-11.982
CHEMBL203789,Cc1cccc(Nc2nnc(-c3c(NCc4ccncc4)ncn3C)o2)c1,5.9,-10.496
CHEMBL4465918,O=C(CCCC(=O)N1C[C@@H](CCl)c2c1cc(O)c1ccccc21)N1C[C@@H](CCl)c2c1cc(O)c1ccccc21,5.89,-7.13
CHEMBL214109,CON(Cc1ccc(-c2[nH]nc3c2Cc2cc(CN4CCN(C)CC4)ccc2-3)s1)C(=O)Nc1cccc(C)c1,5.87,-12.061
CHEMBL1834657,CCN1CCN(c2ccc(Nc3cc(N(C)C(=O)Nc4c(Cl)c(OC)cc(OC)c4Cl)ncn3)cc2)CC1.O=P(O)(O)O,5.82,-4.147
CHEMBL210070,Cc1cccc(NC(=O)N(Cc2ccc(-c3[nH]nc4c3Cc3cc(CN5CCN(C)CC5)ccc3-4)s2)CC(C)C)c1,5.8,-6.219
CHEMBL247790,Nc1ncnc2occ(-c3ccc(NC(=O)Nc4cccc(Oc5ccccc5)c4)cc3)c12,5.76,-2.721
CHEMBL467549,O=C(c1ccccc1NCc1ccncc1)c1n[nH]c2ccccc12,5.72,-11.396
CHEMBL421329,CCCNC(=O)c1cc2ncnc(Nc3ccc4[nH]ccc4c3)c2s1,5.7,-10.239
CHEMBL394436,Cn1ncc(NCc2ccncc2)c1C(=O)Nc1cccc(Cl)c1,5.69,-10.42
CHEMBL4473548,C[C@@H]1CN(C(=O)CCCC(=O)N2C[C@@H](C)c3c2cc(O)c2ccccc32)c2cc(O)c3ccccc3c21,5.68,-3.704
CHEMBL429455,Cc1noc(NCc2ccncc2)c1C(=O)Nc1ccc(OC(F)(F)F)cc1,5.67,-11.793
CHEMBL307476,CN(c1ccc(Cl)cc1)c1nnc(Cc2ccncc2)c2ccccc12,5.64,-9.728
CHEMBL202408,O=C(Nc1ccc(N2CCOCC2)cc1)c1scnc1CCc1ccncc1,5.63,-5.584
CHEMBL2086726,O=C1Nc2ccccc2C1=C(c1cc(F)cc(F)c1)c1nc2ccccc2[nH]1,5.59,-4.689
CHEMBL74034,Clc1ccc(Nc2nnc(NCc3ccncc3)c3ccccc23)cc1,5.58,-11.987
CHEMBL3582441,O=C(O)CN1CCN(c2cc(-c3cnc4ccc(N5CCC[C@@H]5c5cccc(F)c5)nn34)ccn2)CC1,5.58,-6.64
CHEMBL1807473,CCCS(=O)(=O)Nc1cccc(-c2cc(NC(=O)c3ccc(N4CCN(C)CC4)cc3)[nH]n2)c1,5.58,-6.521
CHEMBL377400,Cc1cccc(NC(=O)N(Cc2ccc(-c3[nH]nc4c3Cc3cc(CN5CCN(C)CC5)ccc3-4)s2)C(C)C)c1,5.55,-6.313
CHEMBL3582427,N#Cc1ccc(-c2cnc3ccc(NCc4ccccc4)nn23)cc1,5.52,-6.851
CHEMBL382308,Cc1ccc(NC(=O)c2scnc2CCc2cnoc2)c(F)c1,5.52,-6.438
CHEMBL393862,O=C(O)C1CCN(C(=O)c2cccc3c2Cc2c-3n[nH]c2-c2ccsc2)CC1,5.46,-6.484
CHEMBL3361128,O=C1/C(=C\c2ccc(O)c(O)c2)Oc2ccccc21,5.43,-8.538
CHEMBL207061,Oc1nc2ncccc2c(O)c1-c1nc2ccccc2[nH]1,5.41,-9.76
CHEMBL2006765,CCCNC(=O)c1ccc(Nc2nc(NCC(F)(F)F)c3cc[nH]c3n2)cc1,5.38,-8.711
CHEMBL212762,CN1CCN(Cc2ccc3c(c2)Cc2c(-c4ccc(CNC(=O)Nc5ccc(C(F)(F)F)cc5)s4)n[nH]c2-3)CC1,5.38,-6.206
CHEMBL598626,CC(C)(C)c1cc(NC(=O)c2cccc(Oc3cccc4[nH]c(=O)[nH]c34)c2)n(-c2ccccc2)n1,5.38,-5.094
CHEMBL393964,Cc1noc(NCc2ccncc2)c1C(=O)Nc1ccc(C(F)(F)F)c(C(F)(F)F)c1,5.37,-13.031
CHEMBL2037226,Cc1ccc(NC(=O)Nc2cc(C(F)(F)F)ccc2F)cc1Nc1ccc2c(c1)NC(=O)/C2=C\c1ccc[nH]1,5.36,-11.44
CHEMBL1076330,Cn1cnc(-c2ccccc2)c1-c1nc2c(N)ncnc2s1,5.36,-3.824
CHEMBL2086745,CN1CCN(C(=O)c2ccc3c(c2)C(=C(c2ccccc2)c2nc4ccccc4[nH]2)C(=O)N3)CC1,5.36,-2.642
CHEMBL3582442,OC1CCN(c2cc(-c3cnc4ccc(N5CCC[C@@H]5c5cccc(F)c5)nn34)ccn2)CC1,5.28,-3.622
CHEMBL202109,O=C(Nc1ccc(Cl)c(C(F)(F)F)c1)c1scnc1CCc1cnoc1,5.27,-9.117
CHEMBL201014,CC(C)(C)c1ccc(NC(=O)c2scnc2CCc2ccnc3ccccc23)cc1,5.26,-11.819
CHEMBL241075,Cn1ncc(NCc2ccncc2)c1C(=O)Nc1ccc(Cc2ccccc2)cc1,5.25,-9.885
CHEMBL392767,Cn1cnc(NCc2ccncc2)c1C(=O)Nc1ccc2c(c1)CN=N2,5.22,-10.662
CHEMBL484109,Nc1nc(Nc2cccc(Br)c2)c2cc(CCc3ccc4ccccc4c3)[nH]c2n1,5.11,-6.646
CHEMBL569880,C=CC(=O)N1CCC[C@H]1C(=O)Nc1cc2c(Nc3ccc(F)c(Cl)c3F)ncnc2cc1OCCOC,5.0,-8.155
CHEMBL150315,COc1cc2ncnc(Nc3ccc(Cl)cc3F)c2cc1OC,4.85,-6.841
CHEMBL425262,Cc1cccc(N(C)C(=O)NCc2ccc(-c3[nH]nc4c3Cc3cc(CN5CCN(C)CC5)ccc3-4)s2)c1,4.84,-5.502
CHEMBL1929557,COc1ccc(OC)c(Cc2cc3c(Nc4ccc(Cl)cc4)nc(N)nc3[nH]2)c1,4.82,-4.695
CHEMBL1668420,COc1cc(O)c2c(c1)/C=C\CCCC(=O)/C=C/C[C@H](C)OC2=O,4.82,-2.787
CHEMBL474538,Nc1nc(Nc2cccc(Br)c2)c2cc(Cc3cccc4ccccc34)[nH]c2n1,4.8,-5.768
CHEMBL150315,COc1cc2ncnc(Nc3ccc(Cl)cc3F)c2cc1OC,4.75,-6.841
CHEMBL474538,Nc1nc(Nc2cccc(Br)c2)c2cc(Cc3cccc4ccccc34)[nH]c2n1,4.72,-7.784
CHEMBL1929552,Cc1ccccc1Cc1cc2c(Nc3ccc(Cl)cc3F)nc(N)nc2[nH]1,4.72,-6.06
CHEMBL1079428,Cn1cnc(-c2ccccc2)c1-c1cc2c(N)ncnc2s1,4.66,-5.7
CHEMBL2086746,CCCCNS(=O)(=O)c1ccc2c(c1)C(=C(c1ccccc1)c1nc3ccccc3[nH]1)C(=O)N2,4.61,-8.75
CHEMBL150581,COc1cc2ncnc(Nc3ccccc3F)c2cc1OC,4.58,-6.652
CHEMBL1095465,COc1ccc(OC)c(Cc2cc3c(Nc4cccc(Br)c4)nc(N)nc3[nH]2)c1,4.51,-8.802
CHEMBL1668419,COc1cc(O)c2c(c1)CCCCCC(=O)/C=C/C[C@H](C)OC2=O,4.48,-3.251
CHEMBL4446681,CN(CCc1ccc(-c2ccccc2)cc1)Cc1cn(C)c2ccc(C(=O)Nc3ccc(F)cc3)cc12,4.37,-7.943
CHEMBL1095465,COc1ccc(OC)c(Cc2cc3c(Nc4cccc(Br)c4)nc(N)nc3[nH]2)c1,4.34,-8.749
CHEMBL150825,COCCOc1cc2nncc(Nc3ccc(Cl)cc3F)c2cc1OC,4.2,-6.558
CHEMBL501444,Clc1nccc(/C=C/c2c(-c3ccccc3)nc3sccn23)n1,4.18,-6.639
CHEMBL1095130,Nc1nc(Nc2ccc(Cl)cc2F)c2cc(Cc3ccc(Cl)cc3Cl)[nH]c2n1,4.15,-4.847
CHEMBL497290,CNc1nccc(/C=C/c2c(-c3ccccc3)nc3sccn23)n1,4.11,-6.773
CHEMBL1956891,Nc1nc(Nc2cccc(Br)c2)c2ccn(Cc3ccc(Cl)cc3)c2n1,4.1,-3.859
CHEMBL1956888,Nc1nc(Nc2cccc(Br)c2)c2ccn(Cc3ccccc3)c2n1,4.0,-7.276
CHEMBL503074,CC(=O)Nc1nccc(/C=C/c2c(-c3ccccc3)nc3sccn23)n1,4.0,-5.374
