ChemblID,smiles,docking score
CHEMBL1722820,Cc1ccc(C)c(NC(=O)C(OC(=O)c2cc[n+]([O-])cc2)c2ccccc2)c1,-12.457
CHEMBL487717,CN1C(=O)Nc2nccc(Oc3ccc(NC(=O)Nc4cccc(c4)C(F)(F)F)c4ccccc34)c12,-12.109
CHEMBL3643672,NC(=O)Nc1cc(CC(O)c2cccc(F)c2)ccn1,-11.765
CHEMBL2337375,Clc1ccc2c(NCCn3nncc3CN3C(=O)C(=O)c4ccccc34)ccnc2c1,-11.635
CHEMBL2335871,COCCNC(=O)c1ccc(Nc2ncc3cc(ccc3n2)-c2cnccc2C)cc1,-11.553
CHEMBL287531,CC(C)C(=O)NCCNCC(O)COc1cccc2[nH]ccc12,-11.278
CHEMBL99926,NC1=NC(=O)N(C=C1)C1OC(CO)C(O)(C2CC2)C1O,-11.205
CHEMBL495117,CC1(C)CCC(C)(C)c2cc(ccc12)-c1cc(ccc1O)-c1ccc(C=CC(O)=O)cc1,-11.123
CHEMBL2208239,O=C(NCc1ccccc1)C1=Cc2ccccc2NC1=O,-11.112
CHEMBL3685117,CCNC(=O)Nc1ncc2cc(ccc2c1F)-c1cc(F)ccc1C,-11.019
CHEMBL3210250,Clc1ccc(CC2SC(NN=Cc3cccs3)=NC2=O)cc1Cl,-10.842
CHEMBL588991,C(Cc1cccnc1)NCc1ccc(cc1)-c1cccc(c1)-c1nc2ccccc2[nH]1,-10.812
CHEMBL494525,COC(=O)C(CCCCNC(=O)c1cccc(O)c1O)NC(=O)c1cccc(O)c1O,-10.812
CHEMBL117764,CC1(C)CCC(C)(C)c2cc(OCCOc3ccc(CC(C(O)=O)C(O)=O)cc3)ccc12,-10.77
CHEMBL460567,CN1C(=O)C(OCc2ccc(cc2)C(N)=N)Oc2cc(ccc12)C(=O)NCCC(O)=O,-10.637
CHEMBL2177284,COc1ccc(Cl)cc1C(=O)NCCc1ccc(cc1)C(=O)OC[O+]=NN([O-])N1CCCC1,-10.606
CHEMBL1466769,CCOC(=O)CN1C(=O)C=C(C2=C1CCCC2)c1ccccc1OC,-10.55
CHEMBL1875306,COc1cc(CNC(=O)c2cc([nH]n2)-c2cc(C)cc(F)c2)cc(OC)c1,-10.523
CHEMBL1766468,CCCCc1nc(Cn2cc(CNC3C(O)C(O)C(O)C(O)C3O)nn2)c[nH]1,-10.343
CHEMBL1861008,ON=C(N1CCSCC1)c1cccnc1OCc1ccccc1,-10.285
CHEMBL1700275,COc1cccc(C(O)Cc2nc3ccccc3n2C)c1OC,-10.269
CHEMBL1317315,Cc1cc(C)c(-c2csc(NC(=O)CCCC3=NC(=O)c4ccccc4N3)n2)c(C)c1,-10.256
CHEMBL1568662,CC(C)CCNc1ncnc2n(ncc12)-c1cccc(Cl)c1,-10.137
CHEMBL31713,COc1cc(Cc2cnc(N)nc2N)cc(OCCCCCCC(O)=O)c1Br,-10.047
CHEMBL1712355,CC(N)C(=O)NCC1OC(C(O)C1O)n1cnc2c(N)ncnc12,-10.003
CHEMBL222543,OC(=O)c1cc(C=C2CCCC(=Cc3ccc(O)c(c3)C(O)=O)C2=O)ccc1O,-9.932
CHEMBL3189098,Cc1cnc(nc1NCC1CCN(CC1)c1cccnc1)-c1ccccc1CO,-9.928
CHEMBL3207929,Clc1ccc(cc1)C(=O)NCC(=O)NN=Cc1cccnc1,-9.923
CHEMBL111813,[O-][N+]1=C(C(=C)NO1)S(=O)c1ccccc1,-9.896
CHEMBL1865392,COc1ccc(cc1)C(C)(O)c1nc(cs1)-c1ccccc1C,-9.881
CHEMBL273154,CCNC(C=Cc1ccc(O)c(OC)c1)=CC(=O)C=Cc1ccc(O)c(OC)c1,-9.869
CHEMBL344107,OCC12CC1C(CC2O)N1C=C(I)C(=O)NC1=O,-9.777
CHEMBL1316483,COc1ccc2oc(nc2c1)-c1ccc(C)c(NC(=O)Cc2ccc(Cl)cc2)c1,-9.772
CHEMBL3126300,Oc1cccc2OC(CCCCc3ccccc3)=CC(=O)c12,-9.772
CHEMBL120828,CCOP(=O)(OCC1OC(C=C1)N1C=C(C)C(=O)NC1=O)C(N)=O,-9.728
CHEMBL1308681,CCCN1Cc2cccc(C(=O)Nc3ccc(C)cc3)c2C1=O,-9.68
CHEMBL246583,N#CCSc1ncnc2n(Cc3cccnc3)ncc12,-9.645
CHEMBL1613087,COc1ccc(OC)c(Nc2ncnc3n(ncc23)-c2ccccc2)c1,-9.633
CHEMBL1464599,Clc1ccc(CN2C(=O)Nc3ccccc23)cc1,-9.603
CHEMBL155706,FC(F)(F)C(F)(F)C(F)(F)C1=C(Cc2ccc3ccccc3c2)C(=O)NN1,-9.598
CHEMBL2419264,OC(=O)C(Cc1ccc(O)cc1)NC(=O)c1nc(Cl)c2ccccc2c1O,-9.589
CHEMBL344114,NC(=O)N(O)C1CCCc2cc(CCc3ccccc3)ccc12,-9.587
CHEMBL2315259,CN1N=C(CC(=O)Nc2ccc(C#N)c(Cl)c2)c2ccccc2C1=O,-9.553
CHEMBL2356168,COc1ccc(NC(=O)CC2C(C)CN(C2=O)c2ccc(OC)cc2)cc1,-9.52
CHEMBL3690315,OC1CCC(=CC1)c1cccnc1Oc1ccc(Nc2nc3ccccc3s2)cc1,-9.493
CHEMBL408346,CCCCCCCCCC1=C(O)C(=O)c2ccccc2C1=O,-9.489
CHEMBL533577,FC(F)(F)c1ccc(Cl)c(NC(=O)CSc2nccn2C2CCCC2)c1,-9.46
CHEMBL14334,CCCCCC(O)C=CC1CCC(=O)N1CCCCCCC(O)=O,-9.448
CHEMBL3586629,Oc1ccccc1-c1nc(no1)-c1ccc2nc[nH]c2c1,-9.39
CHEMBL2024002,COc1cc(Nc2nccc(n2)N2CCCC(C2)C(=O)NCc2ccc(C)cc2)cc(OC)c1OC,-9.367
CHEMBL1543936,CC1Cc2ccccc2N1C(=O)CSc1nnc(COc2cccc(C)c2C)n1C,-9.346
CHEMBL1592760,O=C1N(C2CC2)c2ncncc2N=C1CCc1ccccc1,-9.343
CHEMBL1568328,COC(=O)c1cccc(NC(=O)CC2N(CCNC2=O)C(=O)Nc2cc(C)cc(C)c2)c1,-9.313
CHEMBL3677325,CN1C(=O)C=Cc2c(NC(=O)NC3CC(C)(Oc4ccccc34)C(F)F)cccc12,-9.312
CHEMBL516081,CC(C)CCC(NC(=O)c1cc2ccccc2cc1NC(=O)Nc1c(C)cc(C)cc1C)C(O)=O,-9.305
CHEMBL3330119,COc1ccc(CNc2nccc(n2)-c2cc(C(N)=O)c([nH]2)-c2cc(Cl)ccc2C)cc1,-9.286
CHEMBL239915,CN(CCCCCCC(O)=O)c1cnc(-c2ccccc2)c(n1)-c1ccccc1,-9.242
CHEMBL3250198,OC1CC(OC1C(O)=O)N1C=C(Br)C(=O)NC1=O,-9.241
CHEMBL1434788,Cc1ccccc1NC(=O)COC(=O)CCc1c[nH]c2ccccc12,-9.234
CHEMBL1986139,Clc1csc2ncnc(Nc3ccccc3)c12,-9.225
CHEMBL1093302,NCCN(Cc1nc2ccccc2[nH]1)C1CCCc2cccnc12,-9.197
CHEMBL2414804,OCC1C(O)C(O)C(O)CN1CCCCNC(=O)CC1CCCCC1,-9.172
CHEMBL3422377,Cc1occc1C(=O)NCCc1ccccc1O,-9.164
CHEMBL69341,CC1SC(=NC1=O)c1cnc2ccccc2c1,-9.163
CHEMBL1778179,COc1ccc(C=CC(=O)c2cccc(c2)-n2cc(nn2)C(C)=C)cc1O,-9.155
CHEMBL374217,NC1=NC(=O)N(CC=CCCP(O)(O)=O)C=C1,-9.151
CHEMBL1090118,Oc1cc(cc(c1O)N(=O)=O)-c1nc(no1)-c1ccc[n+]([O-])c1C(F)(F)F,-9.134
CHEMBL1258915,COCCNCc1cn(CC(=O)Nc2sc3CCCCc3c2C(N)=O)nc1C(F)(F)F,-9.134
CHEMBL1558771,Clc1cccc(Cl)c1CSCCNS(=O)(=O)c1ccc2OCCOc2c1,-9.124
CHEMBL415756,c1nc2cc(ccn2c1-c1ccccc1)-c1ccccc1,-9.108
CHEMBL3707395,CSc1ccc(cc1)C(=O)C=Cc1cc(C)c(OC(C)(C)C(O)=O)c(C)c1,-9.097
CHEMBL567727,NC(CC(=O)N1CCCC1c1nc(no1)-c1ncccn1)Cc1cc(F)c(F)cc1F,-9.093
CHEMBL147067,Oc1ccccc1C=CC(=O)c1ccccc1,-9.056
CHEMBL354792,COC(=O)CC(=O)c1ccc(O)c(O)c1O,-9.024
CHEMBL525542,O=C1CCC(CCc2ccc(cc2)-c2ccccc2)=NN1,-9.013
CHEMBL387919,OCC1OC(C(O)C1O)n1cnc2c(NCc3ccccc3Br)ncnc12,-9.009
CHEMBL3426928,CCCc1nc2c(C)cc(cc2n1S(=O)(=O)c1ccccc1Cl)-c1nc2ccccc2n1C,-8.993
CHEMBL1584770,CSc1oc(nc1S(=O)(=O)c1ccccc1)-c1ccc(F)cc1,-8.988
CHEMBL1481298,COc1ccccc1C(=O)N1CCN(CC1)C(=O)COc1cccc(C)c1,-8.984
CHEMBL1485058,Cc1cc(C)cc(OCC(=O)Nc2cccc(c2)C(O)=O)c1,-8.947
CHEMBL2153815,CC(=NNc1ncnc2ccccc12)C(O)=O,-8.94
CHEMBL260886,COc1cc(C=C2SC(NC2=O)=Nc2nsc3ccccc23)ccc1O,-8.933
CHEMBL3478948,CCCC1COCCN1Cc1ccc(cc1)C(O)=O,-8.916
CHEMBL229538,CCOC(=O)c1cnn(CC(O)c2ccccc2)c1NC(=O)Nc1cccc(Br)c1,-8.902
CHEMBL3323003,O=C(NCCCCN1CCN(CC1)c1ncnc2ccccc12)c1cn2ccccc2n1,-8.898
CHEMBL1760578,CCCNC(=O)c1ccc(cc1O)-n1cc(CCC(C)C)nn1,-8.837
CHEMBL207821,FC(F)(F)c1cccc(Nc2nnc(o2)-c2cccnc2CCc2ccccn2)c1,-8.833
CHEMBL1527007,Cc1cc(C)n2cc(COc3ccc4ccccc4c3)nc2n1,-8.828
CHEMBL3278651,CC(NC(=O)CI)C(=O)NC(CCC(O)=O)C(O)=O,-8.818
CHEMBL609235,Cc1ccccc1SCC1OC(C(O)C1O)n1cnc2c(NC3CCOC3)ncnc12,-8.8
CHEMBL525367,CCCCc1ccc(cc1)-c1ccc2c3Cc4cc(C(O)=O)c(N)cc4-c3[nH]c2c1F,-8.791
CHEMBL1450879,Cc1cc2nc(CCN(Cc3cccnc3)C(=S)Nc3ccccc3)[nH]c2cc1C,-8.78
CHEMBL58816,CC(NC(=O)C=C(C)C=CC=C(C)C=CC1=C(C)CCCC1(C)C)C(O)=O,-8.758
CHEMBL225612,OC(=O)c1ccc(Cl)cc1NC(=O)c1cccc(Br)c1,-8.754
CHEMBL321428,CCCC(C(O)c1ccc(O)cc1)N1CCC(O)(Cc2ccccc2)CC1,-8.745
CHEMBL91536,CC(C)(C)c1ccc(cc1)C1=Nc2ccccc2C(=O)O1,-8.719
CHEMBL1189094,CCc1cccc(NC(=N)Nc2ccccc2CC)c1,-8.711
CHEMBL2312428,CCCCCCCCNCc1cn(CCCN(C)C)c2ccccc12,-8.677
CHEMBL3290184,Oc1cc(C=CC(=O)Nc2cccc3ccccc23)ccc1F,-8.676
CHEMBL232446,OC1=C(N=C(NC1=O)c1cccs1)C(=O)NCc1ccc(Cl)c(Cl)c1,-8.671
CHEMBL1864289,Cc1cccc(CN2C=Nc3c(cnn3-c3ccc(Cl)cc3)C2=O)c1,-8.669
CHEMBL1509000,Cc1ccc(NC(=O)n2ncc3c(C)cccc23)cc1F,-8.669
CHEMBL1501596,Cc1ccc2nc(NC(=O)C3CCCN(C3)S(=O)(=O)c3c[nH]cn3)sc2c1,-8.649
CHEMBL3621778,Cc1ccc(NC(=O)COc2ccc(C=NNC(=O)c3ccncc3)cc2)cc1,-8.626
CHEMBL1622224,Fc1ccccc1C(=O)OCCN1CCCCC1,-8.592
CHEMBL1092849,OC(=O)C1=CN(Cc2ccc(cc2)-c2ccccc2)c2cnccc2C1=O,-8.572
CHEMBL2234153,Cc1ccc(Nc2nnc(Nc3nc(cs3)-c3ccc(Cl)cc3)s2)cc1,-8.564
CHEMBL1426507,COc1ccc(C)cc1NC(=O)CNC(c1ccccc1)c1ccccc1,-8.518
CHEMBL2315644,COc1cccc(F)c1-c1ccccc1C=NNCCN1CCCC(C1)C(O)=O,-8.516
CHEMBL1909435,Clc1cc(NC(=O)c2ccccn2)ccc1NC(=O)c1cccs1,-8.488
CHEMBL2418188,Cc1cc(C)n2nc(SCC3=CC(=O)c4ccccc4O3)nc2n1,-8.474
CHEMBL1703549,CC1=NN(CC(=O)N2CCN(CC2)c2ccccc2)C(=O)c2ccccc12,-8.471
CHEMBL1990993,Clc1ccc(C=NNC(=O)c2ccc3[nH]cnc3c2)cc1Cl,-8.457
CHEMBL484748,COc1ccccc1NC(=O)CCN1C(=S)SC(=Cc2cccc(Br)c2)C1=O,-8.439
CHEMBL146505,CC(C)NCC(O)COc1ccc(OCCn2nc3ccccc3n2)cc1,-8.433
CHEMBL494587,CC(CN1CCC(CC1)N1C(=O)Nc2c1cccc2F)NC(=O)C1CC1c1ccccc1,-8.424
CHEMBL3138869,NC(CS)C(=O)CCCCCC(O)=O,-8.413
CHEMBL148594,Fc1ccccc1S(=O)(=O)n1cccc1C(=O)NCc1ccccc1,-8.41
CHEMBL3482845,CN(CCO)C1CCN(CC1)c1ncc2N(CCc2n1)c1ccccc1,-8.406
CHEMBL33386,COCC1CN(C(=O)O1)c1ccc(CCCO)cc1,-8.398
CHEMBL1434668,Cc1cc(OCC(=O)Nc2c(oc3ccccc23)C(=O)c2ccccc2)cc(C)c1Cl,-8.395
CHEMBL46068,COCCN(N)c1nc2cc(OC)ccc2o1,-8.389
CHEMBL1940426,COc1ccc(cc1)C(=O)C1=C(O)C(=O)N(CCc2c[nH]c3ccccc23)C1c1ccccc1,-8.385
CHEMBL3489644,NC(=O)c1cc(n[nH]1)C1CCCN(CCOc2ccc(F)cc2)C1,-8.382
CHEMBL3286648,Cc1cc2ccccc2n1CCNC(=O)c1ccc(cc1)C#N,-8.353
CHEMBL1668969,CC1=CC(=O)Oc2cc(OCCCCCn3cncn3)ccc12,-8.35
CHEMBL1372515,CC(O)c1nc2ccccc2n1Cc1cc(C)ccc1C,-8.341
CHEMBL1605291,CCC1=C(C)NC(=NC1=O)N1CCN(CC1)c1ccccc1,-8.332
CHEMBL1729904,COc1ccccc1CN1CCNC(=O)C1CC(=O)NCC1CCOCC1,-8.331
CHEMBL2311082,Nc1ncnc2n(ccc12)C1OC(CO)C(O)C1O,-8.317
CHEMBL547398,FC(F)(F)c1ccc2[nH]c(nc2c1)-c1ccc(cc1)-c1cccc(NC(=O)Cc2c[nH]cn2)c1,-8.311
CHEMBL3104491,CC(=O)c1ccc(NC(=O)CSc2nnc(-c3ccccc3)n2CC=C)cc1,-8.299
CHEMBL272605,Cc1ccccc1CNc1cc(nc(n1)-c1ccc(cc1)S(C)(=O)=O)C(F)(F)F,-8.284
CHEMBL130102,OC(=O)c1ccccc1NC(=O)c1ccc(Oc2ccc3ccccc3c2)cc1,-8.279
CHEMBL3087144,Cc1cc(on1)C1CCCN1CC(O)COc1ccc(Cl)cc1,-8.279
CHEMBL3489231,Cc1nn(C)c(C)c1C1CCCN1Cc1nc(no1)-c1cccs1,-8.267
CHEMBL3483104,CC(=O)c1cc(CN2CC(CO)C(CN3CCC(O)CC3)C2)n(C)c1,-8.238
CHEMBL1700715,Cc1cccc(c1)N1Sc2ccccc2C1=O,-8.238
CHEMBL3492453,COc1ccccc1NC(=O)NCCCN1N=C2C=CC=CN2C1=O,-8.22
CHEMBL3103261,CCCCc1ccc2NC(=O)C(=O)c2c1,-8.212
CHEMBL323399,COC(=O)C1CNCCC1c1ccc(Cl)cc1,-8.199
CHEMBL2143884,FC(F)(F)c1cccc(c1)N1CCN(CC1)C(=S)Nc1nccc2cccnc12,-8.191
CHEMBL1730328,N=C(NOC(=O)Cc1ccccc1)c1ccncc1,-8.178
CHEMBL1591294,OC(CCN1C(CCCCCCC(O)=O)C(=O)NC1=O)C1CCCCC1,-8.162
CHEMBL1398235,CCCCOc1cccc(NC(=O)c2cccc(c2)C(=O)Nc2cccc(OCCCC)c2)c1,-8.153
CHEMBL1330428,CCCCN(C(=O)CCN1C(=O)Oc2ccccc12)c1ccccc1,-8.151
CHEMBL1342651,COCCOc1ccc(cc1NC(=O)c1ccccc1F)C(F)(F)F,-8.15
CHEMBL118881,Cc1nc2c([nH]1)C(=O)C(Nc1cccc(Cl)c1)=C(Cl)C2=O,-8.144
CHEMBL2003302,OC(Cn1ccnc1N(=O)=O)c1ccc(F)cc1,-8.143
CHEMBL1473604,COc1ccc(cc1)-c1noc(CCC(=O)N2CCN(CC2)c2ccccc2C)n1,-8.132
CHEMBL1408593,CN(Cc1ccco1)c1ncnc2ccc(cc12)-c1ccc2n(C)ccc2c1,-8.123
CHEMBL1980612,COc1ccc2[nH]c(CCNC(=O)c3cc(cc(c3)N(=O)=O)N(=O)=O)cc2c1,-8.121
CHEMBL1095364,COc1ccc(Cn2c(nc3ccccc23)C2CCCN(C2)C(C)C)cc1,-8.117
CHEMBL1360221,CC(C)C(=O)Nc1ccc(cc1)C(=O)NNC(=O)CCCOc1ccc(Cl)cc1Cl,-8.105
CHEMBL169675,O=C(CCc1ccccc1)Nc1cc2c(c[nH]1)nc1ccccc21,-8.097
CHEMBL1336013,O=C(Nc1cccc2ccccc12)N1N=CCC1c1ccccc1,-8.089
CHEMBL1889977,CCN1C(=S)SC(=CC=CN(C)c2ccccc2)C1=O,-8.069
CHEMBL1441245,CC(C)CC(NC(=O)N1CCn2c1nc1ccccc21)C(=O)NCc1ccc2OCOc2c1,-8.042
CHEMBL2009125,CCN1CCC(O)(C=Cc2ccc(Cl)c(Cl)c2)C(C1)C(=O)C=Cc1ccc(Cl)c(Cl)c1,-8.027
CHEMBL2152946,OCC(O)COc1ccc2CCc3cc(Nc4ccc(F)cc4F)ccc3C(=O)c2c1,-8.026
CHEMBL3182343,CC(C)(C)C(=O)OCOC(=O)C1N2C(SC1(C)C)C(NC(=O)C(N)c1ccccc1)C2=O,-8.012
CHEMBL1891076,O=C(CCC(=O)NNC(=O)Cc1ccccc1)NCc1ccccc1,-8.011
CHEMBL1325583,COCC(=O)N1CCCC(C1)C(=O)c1ccc(c(F)c1)-c1ccccc1,-8.01
CHEMBL1860691,CN(CCC#N)Cc1coc(n1)-c1cccc2ccccc12,-8.003
CHEMBL3469633,COc1ccc(CS(=O)(=O)CC(=O)NCc2ccccc2F)cc1F,-7.998
CHEMBL1090379,OC(=O)C(CC#Cc1cccc(F)c1)NC(=O)c1ccc2ccccc2c1,-7.996
CHEMBL1443378,CC(CC1COCCO1)C(=O)Nc1cc(C)ccc1C,-7.985
CHEMBL2180821,Oc1ccc(CCCCCS(F)(=O)=O)cc1,-7.965
CHEMBL2164304,O=C(COc1cccc(Oc2ccccc2)c1)Nc1cccc(c1)C#N,-7.961
CHEMBL9479,C(C1CCN(CC1)c1ccc(cc1)C1=NCCN1)c1ccc(cc1)C1=NCCN1,-7.96
CHEMBL403876,COc1cc(C=NNC(=O)c2ccc(O)c(Cl)c2)ccc1OCc1ccc(cc1)C(F)(F)F,-7.956
CHEMBL1334058,Clc1cccc(c1)C(=O)NNC(=O)C1CCC1,-7.953
CHEMBL511754,Cc1cc(NC(=O)c2ccccc2Cl)c2cc(NC(=O)Nc3ccc(F)c(Cl)c3)ccc2n1,-7.949
CHEMBL3688583,CC(O)CNS(=O)(=O)Cc1ccccc1-c1ccc(c(F)c1)-c1cnc(N)cn1,-7.939
CHEMBL90723,COc1cc2ncnc(NC(=O)c3ccccc3)c2cc1OC,-7.931
CHEMBL3494927,CC(C)NC(=O)C(N1CCn2c(C1)nnc2C1CC1)c1ccccc1,-7.93
CHEMBL1968455,O=C1C(Cc2ccccc2)NC(=NC#N)N1CCc1c[nH]c2ccccc12,-7.925
CHEMBL259213,Cc1ccccc1NC(=O)c1csc(n1)-c1cccnc1,-7.924
CHEMBL1668981,CC1=CC(=O)Oc2cc(OCCCCCOc3ccc4C(C)=CC(=O)Oc4c3)ccc12,-7.912
CHEMBL248416,COC(=O)C(CNCc1ccc(C)cc1C)NC(=O)CNC(=O)c1cccc(c1)C(F)(F)F,-7.911
CHEMBL250857,COC(=O)c1ccccc1NC(=O)c1ccc(Cl)cc1,-7.897
CHEMBL3098848,NS(=O)(=O)Cc1ccc(NC(=O)C2CCC=CC2)cc1,-7.893
CHEMBL548595,CN1CC=C(C1)c1c[nH]c2ccc(OC(=O)c3ccccc3)cc12,-7.892
CHEMBL565058,OC(CSc1ccccc1)CN1CCC(O)(CC1)c1ccc(Cl)c(c1)C(F)(F)F,-7.886
CHEMBL1299327,CC(C)c1ccc(NC(=O)C(N2CCOCC2)c2ccccc2)cc1,-7.884
CHEMBL3693240,CS(=O)(=O)c1c(F)cc(NC(=O)c2ccc(Cl)cn2)cc1C1(CF)N=C(N)OC2CC12,-7.88
CHEMBL15458,CCOc1cc(Cn2c(CC)nc3c(C)cc(C)nc23)ccc1OC(C(O)=O)c1ccccc1,-7.853
CHEMBL1485802,Clc1ccc(CC(=O)NC2CCCCCC2)cc1Cl,-7.85
CHEMBL1428744,CCOc1ccccc1NC(=O)Nc1cc(OC)ccc1OC,-7.845
CHEMBL3397765,FC(F)(F)c1ccc(NC(=O)c2cc(Cl)ccc2OC(=O)c2ccc(cc2)C(F)(F)F)cc1,-7.841
CHEMBL1683000,Cc1ccccc1-c1nc2ccc(cc2[nH]1)C(=O)Nc1ccc2ccccc2n1,-7.84
CHEMBL1537831,Cc1ccc(NC(=O)c2cc(ccc2Cl)S(=O)(=O)c2ccccc2)cc1,-7.836
CHEMBL36160,CCNc1nc(NC(=O)CC2CCCCC2)nc2n(cnc12)C1OC(CO)C(O)C1O,-7.82
CHEMBL1893111,Cc1nn(CSc2c(F)c(F)c(F)c(F)c2F)c(C)c1N(=O)=O,-7.819
CHEMBL1878077,COc1cc(OC)cc(c1)-c1noc(n1)-c1csc(n1)C1CC(O)C(CO)O1,-7.815
CHEMBL2136223,CC(=O)CCC(=O)CNC(=O)CCC1OC(C(O)C1O)N1C=CC(=O)NC1=O,-7.812
CHEMBL1414608,O=C(CSc1cccs1)Nc1cccc2ccccc12,-7.81
CHEMBL593357,CC1CC(=O)C=C(C1)Nc1ccc(cc1)C(F)(F)F,-7.8
CHEMBL1623428,C(NCc1ccco1)C1CC2CC1C=C2,-7.792
CHEMBL223712,CN(C)CCNc1cc(nc2ccc(F)cc12)-c1ccc(cc1)C(F)(F)F,-7.788
CHEMBL1507241,CC1=C(C)CC(C(C1)C(O)=O)C(=O)c1ccc(C)cc1,-7.769
CHEMBL2272622,COc1cc(OC)nc(n1)C(O)c1c(F)cccc1NS(=O)(=O)C(F)F,-7.768
CHEMBL250006,CC1N(CCc2c1nc(n2C)C(F)(F)F)C(=O)CC(N)Cc1cc(F)ccc1F,-7.765
CHEMBL240913,Fc1ccc(Cn2cc(C=C3N4CCC(CC4)C3=O)c3ccccc23)cc1,-7.763
CHEMBL242141,CCS(=O)(=O)Nc1ccc(cc1)-c1ccc(cc1)C(F)(F)F,-7.758
CHEMBL1549558,Cc1cc(C(=O)Nc2ccccc2C)c2ccccc2n1,-7.752
CHEMBL205432,CC(CN1CCc2cc(F)ccc12)NC(=O)C(CC1CCCCC1)Nc1nc2ccc(Cl)cc2o1,-7.713
CHEMBL1573445,FC(F)(F)C1=CC(=O)N=C(N1)SCc1cccc2ccccc12,-7.699
CHEMBL567814,COc1cccc(Nc2ncnc3ccc(NC(=S)Nc4ccc(Br)cc4)cc23)c1,-7.686
CHEMBL253924,CC(C)(Oc1ccc(CNC(=O)Cc2ccc(cc2)-c2ccc(Cl)cc2)cc1)C(O)=O,-7.673
CHEMBL107919,COc1cc(OC)cc(c1)-c1cc(on1)N(CCCN1CCCCCC1)Cc1ccc2OCOc2c1,-7.672
CHEMBL500413,COC(C)(C)C(O)CCC(C)=CCCC(C)=CCCC(C)=O,-7.655
CHEMBL2326602,COc1cccc(OC)c1-c1cnnc(NCc2nc3cc(O)ccc3s2)n1,-7.654
CHEMBL1471473,COc1ccc(NP(=O)(Oc2cccc(C)c2)Oc2cccc(C)c2)cc1OC,-7.648
CHEMBL2397746,OC1=COC(COCc2ccccc2)=CC1=O,-7.635
CHEMBL2289507,CS(=O)(=O)Oc1cccc(n1)S(=O)(=O)C1CCCC1,-7.634
CHEMBL381527,COc1cccc(CCC(=O)Nc2cc(OC)c(NC(=O)Nc3cnc(cn3)C#N)cc2Cl)c1,-7.625
CHEMBL1701519,OC(=O)C1CCC1C(=O)Nc1nc(cs1)-c1ccc(Cl)s1,-7.617
CHEMBL1797736,O=C(CCc1ccccc1)C1Cc2c(OC1=O)ccc1ccccc21,-7.615
CHEMBL1879497,CCc1nc2ccc(cn2c1N(C)Cc1ccc(OC)cc1)C(=O)NCC1CCCCC1,-7.596
CHEMBL1544031,OC(COCc1cccs1)CN1CCN(CC1)c1ccccn1,-7.591
CHEMBL1767216,CN(C)c1ccc(C=CC(=O)C=Cc2ccc(O)cc2)cc1,-7.586
CHEMBL486913,Oc1ccccc1CCC1=NOC(Cc2ccc(F)cc2)C1,-7.579
CHEMBL3454522,COC(=O)C(NC(=O)c1cc(C)ccc1C)c1cccnc1,-7.574
CHEMBL1875544,CCC1CN(C(=O)Nc2cc(OC)cc(OC)c2)c2ccccc2S1,-7.552
CHEMBL135434,OC(=O)CCCCCCOc1cc(cc(n1)-c1ccccc1)-c1ccccc1,-7.55
CHEMBL3675792,COCCOc1ccc(nc1)-c1nc2ccc(OC(F)(F)F)cc2[nH]1,-7.541
CHEMBL2179830,CNc1ccc(cn1)-c1nn(C2CCCN(C2)C(=O)C=C)c2ncnc(N)c12,-7.534
CHEMBL3087405,CC(=NN1C(N)=CC(N)=C(C#N)C1=O)C1=Cc2c(OC1=O)ccc1ccccc21,-7.531
CHEMBL582562,COc1ccc(CC(C)NCC(O)c2cccc(Br)c2)cc1,-7.526
CHEMBL3325839,Clc1cc2nc(Cc3ccc(Br)cc3)[nH]c2cc1Cl,-7.504
CHEMBL419163,Oc1c(CN2CCCC2)cc(NC(=O)C=Cc2ccccc2)cc1CN1CCCC1,-7.49
CHEMBL1500859,Cc1ccc2cccc(SCC(=O)Nc3ccc(F)cc3)c2n1,-7.49
CHEMBL287713,CCCCCCCC(O)(C(N)=O)c1ccccc1,-7.485
CHEMBL1902840,S=C(Nc1cccnc1)N1CCCCC1,-7.482
CHEMBL1606119,CCOc1cccc(c1)C(=O)Nc1cc(ccc1C)-c1nn2c(C)nnc2s1,-7.475
CHEMBL492041,COc1ccc(C=CC(=O)c2cccc(c2)N2CCCCC2)c(OC)c1,-7.468
CHEMBL1860828,COC(=O)C1CCN(Cc2coc(n2)-c2ccc(O)cc2)CC1,-7.466
CHEMBL104309,NCCCCCNC(=O)CN1CCCCC(NC(=O)c2ccc(cc2)-c2ccccc2)C1=O,-7.457
CHEMBL1612924,Cc1cc(Cl)cc(C)c1OCCCCn1ccnc1,-7.449
CHEMBL48050,CCN(CC)C(=O)C=C(C)c1ccc(OC(C)c2ccccc2)cc1,-7.448
CHEMBL2206829,OC1CNC(CNCC2CCN(Cc3ccccc3)CC2)C1O,-7.438
CHEMBL3495008,CC(Nc1cccc(CN2CCOC2=O)c1)C(=O)Nc1ccccc1F,-7.436
CHEMBL234279,NC(=N)NC(=O)c1ccccc1-c1nc2cc(ccc2[nH]1)N(=O)=O,-7.431
CHEMBL391350,CCCC(=O)NCCc1c[nH]c2c(C)cc(OC)cc12,-7.425
CHEMBL134217,Clc1ccc(cc1)C(=O)c1cccc(c1)C1=NCCN1,-7.413
CHEMBL1519782,FC(F)(F)c1cccc(c1)N1C=CC(=O)C(=N1)c1ccn(n1)-c1ccccc1,-7.413
CHEMBL1372459,CSc1ccccc1NC(=O)COc1ccc(Cl)cc1,-7.412
CHEMBL3218312,COC1=C(NC(CO)Cc2ccccc2)C(=O)C1=O,-7.396
CHEMBL3121357,COC(=O)CCCSc1nc2ccc3C(=O)c4ccccc4C(=O)c3c2[nH]1,-7.395
CHEMBL1343850,O=P(Nc1nccs1)(Oc1ccccc1)Oc1ccccc1,-7.392
CHEMBL1597938,CCNCCC(CCC(C)C)c1ccc2OCOc2c1,-7.392
CHEMBL2177741,CC(C(=O)Nc1nnc(CCCCc2nnc(N)s2)s1)c1ccccc1,-7.388
CHEMBL3194724,Cc1cc(C(=O)NN=Cc2ccc(cc2)N2CCOCC2)c(C)o1,-7.387
CHEMBL321753,CCn1cnc2c(NC3CCCCC3)ncnc12,-7.381
CHEMBL3331471,C(Cc1ccccc1)N(C1CNC1)c1ccccc1,-7.38
CHEMBL1594511,CCOC(=O)c1ccc(Nc2nnc3nc(C)cc(C)n23)cc1,-7.38
CHEMBL129957,CN(C)C1(CCC(O)(CCc2ccccc2)CC1)c1ccc(Cl)cc1,-7.378
CHEMBL287771,OC(=O)C(CCC(=O)N1C(Cc2ccccc12)C(O)=O)NC(=O)Nc1ccccc1,-7.369
CHEMBL1469862,COc1cccc(NC(=O)CSc2nc3ccccc3cc2Cc2ccccc2)c1,-7.369
CHEMBL416493,OC(=O)CC1Cc2ccc(OCCCNc3ccccn3)cc2Cc2ccccc12,-7.367
CHEMBL1404576,OC(=O)C1C2CC(C=C2)C1C(=O)OCC1CCCO1,-7.363
CHEMBL3673514,OCC(O)CN1CCC(CC1)c1cc2c(ccnc2[nH]1)-c1cncc(NCc2ccccc2)n1,-7.36
CHEMBL1335433,Fc1ccccc1NC(=O)c1ccc(o1)-c1cccc(c1)N(=O)=O,-7.354
CHEMBL2420832,CCC(=O)Nc1cc(NC(=O)c2c(Cl)cccc2Cl)ccn1,-7.348
CHEMBL98563,CCCN(CCC)C1CCn2ccc(C=O)c2C1,-7.347
CHEMBL1327773,COc1ccc(cc1OC)N1N=C(C(=O)NCC(=O)N2CCOCC2)c2ccccc2C1=O,-7.343
CHEMBL1164246,Fc1ccc(cc1)C(=O)C1CCN(CC1)C(=O)c1ccc(Cl)c(c1)C(F)(F)F,-7.337
CHEMBL1454939,COc1ccc(-c2[nH]ncc2CN2CCN(CC2)C(=O)c2cccs2)c(F)c1,-7.333
CHEMBL250973,CCOc1ccc(CC(=O)N2CCc3cc(OC)c(cc23)N2CC(C)N(C)C(C)C2)cc1Cl,-7.304
CHEMBL1497662,Fc1ccc(CN2C(=O)CS(=O)c3ccc(cc23)C(=O)Nc2ccccc2Cl)cc1,-7.298
CHEMBL1415259,COc1cc(NC(=O)c2ccccc2F)ccc1NC(=O)c1ccccc1Cl,-7.291
CHEMBL1470109,CC(NC(=O)CSc1ncccn1)c1ccc(Cl)cc1Cl,-7.288
CHEMBL1359802,COc1cccc2C(=O)N(CC(=O)N3CCC(C)CC3)C=Cc12,-7.28
CHEMBL100373,NCCCNCCCCC(=O)NCC(=O)NCCCCCCN=C(N)N,-7.278
CHEMBL59638,O=C1CC2(CCCC2)CC(=O)N1CCCCN1CCN(CC1)c1ncccc1C#N,-7.276
CHEMBL1883209,O=C(N(CCC#N)CCC#N)c1ccc2OCOc2c1,-7.258
CHEMBL3622585,CN(C)c1ccccc1CC1=NNC(=O)c2ccccc12,-7.257
CHEMBL1173732,O=C(Nc1ccccc1)Nc1ccc2NC(=O)C(=Cc3ccc[nH]3)c2c1,-7.254
CHEMBL1818660,COc1cc(COC2OC(CO)C(O)C(O)C2NC(C)=O)ccc1O,-7.254
CHEMBL2442763,COc1ccc(cc1)-c1cc(C(O)=O)c2ccc3[nH]ccc3c2n1,-7.239
CHEMBL550561,Nc1c(cc[n+]([O-])c1-c1ccc(Cl)cc1)C(=O)c1ccc(F)cc1F,-7.216
CHEMBL598154,Brc1cccc(c1)C(=O)NC(=Cc1cccc(c1)N(=O)=O)c1nc2ccccc2[nH]1,-7.204
CHEMBL1995623,Nc1nc(Cl)c(CO)c(NCC2(CO)CC(CCc3ccccc3)C2)n1,-7.198
CHEMBL129696,C(COc1ccc2c(c1)n(Cc1ccccc1)c1ccccc21)OC1CCCCO1,-7.195
CHEMBL1465544,Fc1cccc(c1)C(=O)N1CCN(CC(=O)Nc2ccccc2F)CC1,-7.188
CHEMBL1512736,CC(CCc1ccccc1)NC(=O)COC(=O)c1cccn1C,-7.181
CHEMBL3671596,OC1(c2ccccc2-c2c1cccc2F)C(F)(F)F,-7.18
CHEMBL1350658,O=C(NCc1cccs1)c1csc2CCCCCc12,-7.162
CHEMBL1727646,CCN(CC)CCCOC(=O)C(O)(C1CCCCC1)c1ccccc1,-7.16
CHEMBL1508659,Cn1c2ccccc2c2nnc(SCC(=O)NCc3ccoc3)nc12,-7.154
CHEMBL2289102,CC1=C(C(=O)N(C1)C(C)(C)c1ccsc1)c1ccccc1,-7.14
CHEMBL1325418,CC(C)(C)N(Cc1ccccc1)C(=O)CN1C(=O)c2ccccc2C1=O,-7.14
CHEMBL1622692,CNC(C)C(=O)NC(C(C)C)C(=O)NC(C(C)O)C(=O)NNc1ccccc1,-7.136
CHEMBL1830871,OCC1OC(C(O)C(O)C1O)c1cc(Cc2ccc(O)cc2)c(Cl)s1,-7.128
CHEMBL3556124,OC(=O)c1c2CCN(Cc3ccccn3)Cc2cnc1-c1cccnc1,-7.126
CHEMBL201389,COC(=O)Nc1cn2ncc(C#N)c(Nc3ccc(Oc4ccccc4)cc3)c2c1C,-7.105
CHEMBL1527509,COc1ccc(C=C2SC(=O)N(CCC(=O)N3CCCCC3CCO)C2=O)cc1,-7.096
CHEMBL359663,C(C1COc2ccccc2O1)N1CCN(Cc2ccccc2)CC1,-7.094
CHEMBL1603114,Cc1sc2N=CN(CC(=O)NCc3ccco3)C(=O)c2c1-c1ccccc1,-7.09
CHEMBL3245397,NC(=N)c1cccc(COc2ccc(cc2)N(=O)=O)c1,-7.084
CHEMBL285158,CCCCCCCCN1CCN(CC1)c1cccc2OCCOc12,-7.083
CHEMBL2312295,COc1ccc(CNc2ncc(C(=O)NCCCN3CCCC3=O)c(NC3CCCC3)n2)cc1,-7.081
CHEMBL1547492,COC(=O)Cc1cnc(NC(=O)C2C3CCC(C3)C2C(O)=O)s1,-7.078
CHEMBL1529866,CCc1ccc(OCCCCCn2ccnc2)cc1,-7.076
CHEMBL137639,CCCCS(=O)(=O)NC(CNC(=O)CCNC(=O)c1cc2cc(ccc2o1)C(N)=N)C(O)=O,-7.075
CHEMBL1688645,CC(C)(C)OC(=O)NCCCCCNC1CCN(CCc2ccccc2)CC1,-7.073
CHEMBL1619391,CN1CCCN(CC1)C(=O)CC1(CC(O)=O)CCCC1,-7.071
CHEMBL86088,CCCCC(NC(=O)OC(C(C)C)C(C)C)C(=O)C(=O)NC1CCCNC1=O,-7.06
CHEMBL1558275,Cc1ccccc1CN1CCCC(C1)C(=O)Nc1ccc(cc1)-c1cc[nH]n1,-7.045
CHEMBL1620798,C(N1CCC(CC1)N=C1NN=C(CS1)c1ccc2OCCOc2c1)c1ccccc1,-7.045
CHEMBL3472091,CCC(CO)Nc1nccc(n1)-c1c[nH]c2cc(ccc12)C(=O)OC,-7.042
CHEMBL483623,CC(CCC1=C(C)CCCC1(C)C)=CCCC(CO)=CCC1OC(=O)C=C1CO,-7.036
CHEMBL1489849,Oc1ccc2ccccc2c1CN1CCN(CC1)S(=O)(=O)c1c(F)cccc1F,-7.026
CHEMBL58996,COc1ccc(cc1)C1=CC(=O)C(=O)c2ccccc12,-7.024
CHEMBL1429073,COc1cc(OC)cc(c1)C(=O)NCC(=O)OCc1csc(n1)-c1ccccc1,-7.022
CHEMBL3549720,Cc1ncc(CN(Cc2ccccn2)Cc2ccccc2Cl)n1C,-7.02
CHEMBL261717,OC1CC2CCCCC2CC1N1CCC(CC1)c1ccccc1,-7.019
CHEMBL3476228,O=S(=O)(N1CCOCC1)N1CCOC(CCCc2ccccc2)C1,-7.016
CHEMBL382167,Cc1ccccc1OCC1CCC(N1)C(=O)N1CCCC1C#N,-7.016
CHEMBL1539265,Cc1ccsc1C=C1C(=O)c2ccccc2C1=O,-7.015
CHEMBL1333000,CCN(CCn1cccn1)C(=O)c1cc(COc2ccc(F)c(F)c2)on1,-7.013
CHEMBL149200,CCC(NC(=O)Cc1ccc(cc1)C(O)=O)c1ccccc1N1CCCCC1,-7.006
CHEMBL555285,CC(CN1C(Br)NC2=C1NC(N)=NC2=O)OCP(O)(O)=O,-7.006
CHEMBL1450742,CCOC(=O)c1c(C)nn(c1C)-c1ccc(NC(=O)C=CC(O)=O)cc1,-7.001
CHEMBL1573676,CC1CCN(CC1)S(=O)(=O)c1ccc2N(CC(=O)Nc3cc(C)cc(C)c3)C(=O)Oc2c1,-7.001
CHEMBL1372423,Cc1noc(C)c1CSCC(=O)OCC1=Nc2ccccc2C(=O)N1CC#N,-6.995
CHEMBL434654,Cc1ccccc1OCC(=O)Nc1ccc(C(=O)N2CCCCc3cc(Cl)ccc23)c(C)c1,-6.994
CHEMBL1494599,N=C1N2N=C(CC(=O)N3CCOCC3)SC2=NC(=O)C1=Cc1ccc(SCc2ccccc2)o1,-6.994
CHEMBL95657,NC(=N)NCCCC(NC(=O)OCCCCCn1cnc2c(NC3CC3)ncnc12)C(O)=O,-6.988
CHEMBL465567,CC(=O)CCC=C(C)CCC1=C(C)CCCC1(C)C,-6.987
CHEMBL205571,Cc1cccc(n1)-c1nccc(Sc2ccc(Cl)c(Cl)c2)n1,-6.981
CHEMBL1443080,Clc1cc(Cn2cnc3ccccc23)c2OCOCc2c1,-6.974
CHEMBL240927,COc1ccccc1N1CCN(CC(=O)Nc2cccc(c2)C(F)(F)F)CC1,-6.971
CHEMBL3639997,Nc1cnc(cn1)-c1ccc(cc1F)-c1ccccc1N1CCCCS1(=O)=O,-6.971
CHEMBL549411,CCOC(=O)c1cnn2c(ccnc12)-c1cccc(NC(=O)c2cccc(OC)c2)c1,-6.945
CHEMBL570610,CN(C)c1ccc(C=Cc2ccc(I)cc2)cc1,-6.939
CHEMBL3133397,Fc1ccccc1NC(=O)CSc1nnccc1-c1cccc2ccccc12,-6.937
CHEMBL314354,CNc1ncnc2n(cnc12)C1CSC(CO)O1,-6.933
CHEMBL231650,COCCOc1ccc2c(Nc3cc(O)c(Cl)cc3F)ncnc2c1,-6.932
CHEMBL3453880,COCc1ccccc1NC(=O)CCNC(=O)c1ccoc1,-6.932
CHEMBL3494675,CCc1ccccc1-n1cc(O)c(n1)C(=O)N1CCCCC1,-6.929
CHEMBL1958175,O=C1C=CN=C2C=CC(=CN12)c1cnc2nc(oc2c1)N1CCC(CC1)N1CCCCC1,-6.926
CHEMBL3459977,CC1CCCN(CCNC(=O)C2CCN(CC2)C(C)=O)C1,-6.921
CHEMBL1537947,Cc1cccc(NC(=S)NC(=O)Cc2ccccc2)c1C,-6.915
CHEMBL3451026,CC(NC(=O)N1CCN(CC1)C(=O)CC(F)(F)F)c1ccc(C)o1,-6.912
CHEMBL3199543,CCOc1ccc2nc(N=CC3=C(C)NN(C3=O)c3ccccc3)sc2c1,-6.902
CHEMBL1509669,Cc1cccc(C)c1NC(=O)CN1N=NC2C1C(=O)N(C2=O)c1cccc(Cl)c1,-6.889
CHEMBL1814397,CCOC1Oc2ccc(F)cc2C(=O)C1=CNc1cccc(c1)S(N)(=O)=O,-6.879
CHEMBL2336516,Cc1ccc(cc1NC(=O)CSc1nnc(CNc2c(C)cccc2C)n1C)N(=O)=O,-6.879
CHEMBL236754,COc1ccc(F)cc1C(C)(C)CC(O)(Cc1c(C)ccc2ccccc12)C(F)(F)F,-6.869
CHEMBL237521,CNCc1cc(Br)ccc1Oc1ccc(SC)cc1,-6.866
CHEMBL501778,Oc1ccc(CC2NCCc3cc(O)c(O)cc23)cc1,-6.865
CHEMBL1938775,CC1(C)CNC(=O)c2cc3ccc(cc3n12)C(=O)Nc1cccnc1,-6.864
CHEMBL464603,Cc1cc(-c2ccsc2)c2ncc(CSCc3ccccc3)n2c1,-6.853
CHEMBL1232859,NC(Cc1ccc(cc1)C(F)(F)P(O)(O)=O)C(O)=O,-6.843
CHEMBL1720921,CC(Sc1ncccn1)C(=O)NNC(=O)c1cccc(Cl)c1,-6.84
CHEMBL3208206,Cc1ccccc1C=NNC(=O)Cn1nnc(N)n1,-6.827
CHEMBL2018596,CN(C)CCCNc1nc(NCc2ccc(NC(=O)c3ccc(F)cc3)cc2)c2ccccc2n1,-6.818
CHEMBL418103,CC(=O)NC(CS)C(=O)NC(Cc1c[nH]c2ccccc12)C(N)=O,-6.815
CHEMBL1373783,Cc1ccc(NC(=O)c2cc(ccc2F)S(=O)(=O)NCCc2ccc(Cl)cc2)cc1,-6.809
CHEMBL1860024,CC1CN(Cc2coc(n2)-c2ccccc2C)CC(C)O1,-6.807
CHEMBL3402269,CCC(N1C(=O)CCC1=O)C(=O)NCc1ccccc1F,-6.801
CHEMBL2443315,NS(=O)(=O)c1ccc(Nc2nc(F)nc(NCCO)n2)cc1,-6.79
CHEMBL488887,FC(F)(F)c1ccc(nc1)-n1ccc(NC2CCN(CC2)C(=O)COc2cccc(Cl)c2)c1,-6.783
CHEMBL1602822,Cc1ccc(NC(=O)CN2C(=O)NC(C)(C3CC3)C2=O)cc1S(=O)(=O)N1CCCCC1,-6.783
CHEMBL3612455,CCC(=O)NCC1CCc2c(N1)cccc2OC,-6.783
CHEMBL26722,CCCOc1ccccc1C(=C)n1ccnc1,-6.772
CHEMBL86781,CC(C)=CCCC(C)=CCCC(C)=CCCCC(P(O)(O)=O)P(O)(O)=O,-6.763
CHEMBL1540602,COc1ccccc1OCCN(C#N)c1nc(nc(n1)N(C)C)N(C)C,-6.757
CHEMBL1411613,OC1=C(Cc2ccc(F)cc2)C(=O)N(CCc2ccccn2)C=C1,-6.754
CHEMBL217614,CCCc1cc(N)c2cc(NC(=O)C=Cc3ccc(Cl)cc3Cl)ccc2n1,-6.754
CHEMBL1617511,COc1ccc(cc1NCc1ccccc1)N(=O)=O,-6.754
CHEMBL3189311,Brc1cncc(c1)C(=O)NN=Cc1ccc2OCOc2c1,-6.742
CHEMBL1195160,NC(=N)Nc1cccc(Oc2ccccc2)c1,-6.727
CHEMBL3480109,NC(=O)CN1CCCC(C1)C(=O)N1CCC(CC1)Oc1ncccn1,-6.723
CHEMBL1933552,CC1CCC(CN1)N1CCC2(C1)CN(C(=O)c1cc3ccc(F)cc3[nH]1)c1ccccc21,-6.718
CHEMBL2087917,CC(COC1OC(CO)C(O)C(O)C1O)=CCc1c(O)cc2OC(C)=CC(=O)c2c1O,-6.702
CHEMBL1889605,COc1ccc(CC2CN3C(C)CN=C3N2CCNC(=O)C(C)=CC)cc1,-6.691
CHEMBL1405359,Cc1nc2ncnn2c(C)c1CCC(=O)NCCc1ccccc1,-6.69
CHEMBL1642092,CC(=O)NC(CSC(=O)Nc1ccc(Br)cc1)C(O)=O,-6.681
CHEMBL2368963,Cc1ccc(cc1)-c1cc(Cl)cc(Cl)c1C=CC1CC(O)CC(=O)O1,-6.679
CHEMBL485191,CC(N1CCCCC1)c1ccc(CN2CC(C)OC2=O)cc1,-6.673
CHEMBL341748,CC(C)S(=O)(=O)NCC(C)c1ccc(cc1)-c1ccccc1F,-6.672
CHEMBL406467,CCOC(=O)CS(=O)c1nnc(o1)-c1cc(OC)c(OC)c(OC)c1,-6.656
CHEMBL1490245,NS(=O)(=O)c1ccc(CCNC(=O)C=Cc2cccc(c2)N(=O)=O)cc1,-6.655
CHEMBL1365482,Nc1ccc(N=Nc2ccccc2)c2cccnc12,-6.653
CHEMBL24809,Cc1cc(-c2ccccc2)n(n1)C1CCN(Cc2ccccc2)CC1,-6.648
CHEMBL1625465,Clc1ccccc1CN(Cc1ccco1)Cc1nnnn1C1CCCC1,-6.639
CHEMBL1726340,CCN(CC)c1ccc(C=NN2CCCCCC2)cc1,-6.632
CHEMBL363857,CN1CCN(CC1)c1ccc(cc1)C(=O)Nc1[nH]nc2CN(Cc12)C(=O)Cc1ccsc1,-6.627
CHEMBL3196015,CN1N(C(=O)C(NC(=S)NN=Cc2ccc(O)cc2)=C1C)c1ccccc1,-6.626
CHEMBL3291357,CN1N(Cc2ccccc2C(F)(F)F)C(=O)C2=C1C1(C)CCC2C1(C)C,-6.626
CHEMBL273793,CSc1nnc(s1)-c1cc(C(C)C)c(O)c(c1)C(C)C,-6.619
CHEMBL358161,CCC(N(S)C(=S)C1CC1)C(N)=O,-6.615
CHEMBL3704859,CC(C)CC1=C(C(=O)N(CCC(=O)C(=O)NC2CC2)C1=O)c1ccc(OCC=C(C)C)cc1,-6.608
CHEMBL1964535,CN1CCc2c(C1)sc(N=Cc1c[nH]c3ccccc13)c2C#N,-6.595
CHEMBL1568954,CCOCCCNC(=O)c1ccccc1SC,-6.583
CHEMBL39367,CCN(CC)CCCNc1ncc(C)c2n(C)c3c(ccc4cc(OC)ccc34)c12,-6.58
CHEMBL245808,CC#CC1(CO)OC(C(O)C1O)N1C=CC(=O)NC1=O,-6.578
CHEMBL3085302,CC(CC(C)(C)C)NC1=C(Nc2ccc(cc2)C#N)C(=O)C1=O,-6.574
CHEMBL2271846,CC(NC(=O)Nc1cc(ccc1C(C)(C)C)C(C)(C)C)c1ccccc1,-6.564
CHEMBL3086805,CCCCCCCCc1ccc(CCN2CCC(F)CC2)cc1,-6.553
CHEMBL2010459,COC(=O)C(NC(=O)C(N)Cc1ccc(cc1)N(CCCl)CCCl)C(C)C,-6.545
CHEMBL1732938,CCOC(=O)C1=C(Nc2ccc(Cl)cc2)SCC1=O,-6.536
CHEMBL401822,Clc1cccc(c1Cl)-n1ncnc1NCc1cccnc1N1CCC1,-6.534
CHEMBL3671480,Fc1cc(Br)ccc1Nc1ncnc2cc(OCc3ccncc3)c(NC(=O)C=C)cc12,-6.533
CHEMBL2420113,NC(=S)NN=C(COC(=O)CCC(O)=O)c1ccc(cc1)N(=O)=O,-6.533
CHEMBL3218480,Cc1cc2c(Oc3ccc(cc3)S(C)(=O)=O)cc(cc2o1)C(=O)Nc1cnc(C)cn1,-6.515
CHEMBL1205525,OC(=O)c1c2CCc3cc(ccc3-c2nc2ccc(F)cc12)-c1nccs1,-6.514
CHEMBL1835505,Cc1cccc(c1)C(=O)c1cc(Cl)ccc1OCCN1C=CC(=O)NC1=O,-6.507
CHEMBL3489490,CC(C)c1cccc(OCC(=O)NS(=O)(=O)c2c(C)noc2C)c1,-6.491
CHEMBL3441832,C(Nc1ccccn1)C1CCCC2CN(Cc3csnn3)CC12,-6.488
CHEMBL3460975,Cc1nc2CCC(Cn2n1)NCc1nc(C)ccc1O,-6.485
CHEMBL418087,NC1=NC(=O)C=C(Nc2ccc(Cl)c(F)c2)N1,-6.481
CHEMBL1651916,COc1ccc(cc1F)C(=O)c1cc2c(OC)c(OC)c(OC)cc2[nH]1,-6.481
CHEMBL3496722,CC(C)OCCN(C)C(C)c1cccc(c1)S(N)(=O)=O,-6.481
CHEMBL1183695,CC(C1COC(O1)(c1ccccc1)c1ccccc1)N(C)C,-6.477
CHEMBL2144359,CN(Cc1ccccc1)S(=O)(=O)c1cc(ccc1F)C(=O)Nc1ccccc1C,-6.465
CHEMBL3497013,CN(C)c1cc(CNC(=O)C2=NNC(=O)C=C2)ccn1,-6.46
CHEMBL216222,OCCCCNS(=O)(=O)c1ccc(cc1)-c1ccc(Br)cc1,-6.449
CHEMBL3658298,Fc1ccc(NC(=O)c2ccc(SCC(=O)c3cccnc3)nc2)cc1,-6.443
CHEMBL1210204,CN1CC2(CCN(CC2)C(=O)Nc2cc(F)cc(F)c2)C1c1ccc(F)cc1,-6.443
CHEMBL104715,COc1cc(CC(C)N)c(OC)cc1CCc1ccccc1,-6.436
CHEMBL3197678,CCOC1=NN(C(=O)C1=CNc1ccc(O)cc1)c1ccc(Cl)cc1,-6.408
CHEMBL425428,CC(C)Cc1ccc(cc1)-c1nc(COc2ccc(CN3CC(C3)C(O)=O)cc2)no1,-6.402
CHEMBL2041081,OCC1OC(C(O)C(O)C1O)N1C=C(Cl)C(=O)NC1=O,-6.399
CHEMBL220325,Cc1cccc(n1)-c1ccc(OCCCOc2ccc3C(CC(O)=O)CCc3c2)cc1,-6.387
CHEMBL50244,COc1ccc(cc1)C(=CC=CC(=O)NC(C)CCCc1cccnc1)c1ccc(OC)cc1,-6.37
CHEMBL3643138,CCc1ncnc(-c2ccc(C(=O)N3CCN(C)C(=O)C3)c(F)c2)c1C#Cc1ccc(N)nc1,-6.356
CHEMBL3458307,Cc1cnc(NC(=O)NCCOc2ncccc2Cl)s1,-6.356
CHEMBL1401498,COc1cccc(c1)S(=O)(=O)NCc1ccc(cc1)C(=O)Nc1ccc(Cl)cc1,-6.352
CHEMBL449795,COC1C(C=Cc2ccccc2)N(SC)C1=O,-6.351
CHEMBL1884279,CCOc1ccc(cc1)S(=O)(=O)NCCC(=O)Nc1ncccc1C,-6.35
CHEMBL1512840,CCOc1ccc(CNC(=O)C2=CN=C3SC(=NN3C2=O)N(CC)CC)cc1,-6.347
CHEMBL1428617,CCOC(=O)c1[nH]c(C)c(C(=O)NCc2ccc(OC)cc2)c1C,-6.344
CHEMBL1708727,Cc1ccccc1NC(=O)CSc1c[nH]nn1,-6.341
CHEMBL1563560,Cc1noc(C)c1COc1ccc(cc1)C(=O)Nc1cccc(C)n1,-6.338
CHEMBL1726392,CC(CNC(=O)c1ccc(C)c(c1)N(=O)=O)NC(=O)c1ccc(C)c(c1)N(=O)=O,-6.335
CHEMBL221898,C#Cc1ccc(cc1)N1CCN(CC2C=NN3C=CC=CC23)CC1,-6.334
CHEMBL1454272,CC(Sc1nnc(COc2ccc(Cl)cc2)n1-c1ccccc1)C(O)=O,-6.331
CHEMBL368165,c1ccc(nc1)-c1c[nH]c2c(c1)nc1ccccc21,-6.325
CHEMBL2070841,CCCS(=O)(=O)c1oc(nc1S(=O)(=O)c1ccc(F)cc1)-c1cccs1,-6.319
CHEMBL70669,CS(=O)(=O)c1ccc(cc1)-c1cc(nn1C1CCCCC1)C(=O)CCCON(=O)=O,-6.307
CHEMBL3140003,ON=Cc1n(Cc2ccccc2)cc[n+]1-c1ccccc1,-6.298
CHEMBL1766061,OCC(O)CNC(=O)c1sc(nc1C(Br)Br)-c1ccc(Cl)cc1,-6.298
CHEMBL1876356,CCN(C1CCS(=O)(=O)C1)C(=O)COC(=O)CCS(=O)(=O)c1ccc(C)cc1,-6.297
CHEMBL3353051,COc1cnc(-n2cnc(C)n2)c2[nH]cc(C(=O)C(=O)N3CC4CN(CC4C3)C(=O)c3ccccc3)c12,-6.296
CHEMBL1466938,Fc1ccc(cc1)-n1c(SCC(=O)NC2CCS(=O)(=O)C2)nc2cc(ccc12)N(=O)=O,-6.29
CHEMBL1320172,Cc1cccc(c1)C(=N)NOC(=O)CCCN1C(=O)c2ccccc2C1=O,-6.287
CHEMBL3213539,CC(=NO)c1noc(C)c1C(=O)Nc1nccs1,-6.287
CHEMBL3699917,COCCNc1ccc2ccc(cc2n1)C(=O)N1CCC2(CC1)Cc1cn(nc1C(=O)N2)C(C)(C)C,-6.286
CHEMBL3392601,CC1CCCN1C1CS(=O)(=O)NC1COCc1ccccc1,-6.283
CHEMBL1531380,COc1ccc(CCNC(=O)CCCN2C(=O)c3cccn3-c3cccnc23)c(OC)c1OC,-6.279
CHEMBL349992,Cc1cccc(N2CCN(CCCOc3ccc4CCC(=O)Nc4c3)CC2)c1C,-6.269
CHEMBL1345313,Cc1ccc(NCC(=O)c2ccc(C)cc2)cc1,-6.268
CHEMBL2220533,CC(=O)Nc1ccccc1OCCCN1CCC(CC1)C(O)(c1ccccc1)c1ccccc1,-6.266
CHEMBL1301908,Fc1ccc(cc1)S(=O)(=O)NC(=NC1CCCCC1)c1ccccc1,-6.265
CHEMBL1477272,CCOCCCN1C(C(=O)N(CC1=O)C1CCC(C)CC1)c1ccc(C)cc1,-6.259
CHEMBL1431520,Cc1c(oc2ccc(cc12)S(=O)(=O)N1CCOCC1)C(=O)Nc1cccc(C)c1C,-6.255
CHEMBL150926,CC(NC(=O)C1CCCN1C(=O)CCCc1ccccc1)C(=O)c1nccs1,-6.255
CHEMBL1430255,CCCOc1ccc(cc1N(=O)=O)-c1csc(N)n1,-6.252
CHEMBL1569513,Cc1ccc(cc1)C(=O)NC(=S)NCCCN1CCOCC1,-6.239
CHEMBL1493048,Cc1ccc(CSc2cn(CC(=O)N3CCCCC3)c3ccccc23)cc1,-6.238
CHEMBL1302272,Cc1ccc(cc1)C1CC(=NNC1=O)c1ccc(Cl)cc1,-6.238
CHEMBL177577,O=C(CCCCCCc1ccccc1)c1ncc(o1)-c1ccccn1,-6.232
CHEMBL305872,C1CCCCCC2(CCCCC1)OOCCCCOO2,-6.226
CHEMBL599170,CCc1c(nnn1-c1nonc1N)C(=O)NN=Cc1ccc(O)cc1O,-6.221
CHEMBL3212212,Nc1nnnn1N=Cc1cccc(Br)c1,-6.218
CHEMBL3477071,COCCC1(CO)CCCN(C1)C(=O)C1=CC(=O)NC(O)=N1,-6.217
CHEMBL204146,Oc1ccc-2c(c1)C(=O)Oc1c(O)c(O)ccc-21,-6.214
CHEMBL2009990,CCSC1=NC(=S)N2CCN(C)C2=N1,-6.21
CHEMBL1357106,CN1C(=CC(=NS1(=O)=O)c1ccc(C)cc1)C(=O)NCc1cccs1,-6.193
CHEMBL1892022,CCCC1=CC(=O)N=C(N1)SCC(=O)Nc1nonc1C,-6.185
CHEMBL2040587,OC(=O)C(O)=CC(=O)C1(Cc2ccc(Cl)cc2)CCCN(Cc2ccccc2)C1,-6.184
CHEMBL3597775,CCCCCCNC(=O)n1nc(cc1C)C(=O)Nc1ccc(F)cc1Cl,-6.183
CHEMBL1208581,COCCOCCOCCOCCOc1ccc(C2=NC(C)(CS2)C(O)=O)c(O)c1,-6.17
CHEMBL61375,COc1cccc(OC)c1OC(=O)C(CN1CCOCC1)N1CCSCC1,-6.164
CHEMBL1604177,CC1=C(Oc2ccc(Cl)cc2Cl)C(=O)N=C(N1)c1ccccc1,-6.163
CHEMBL20554,CSc1nc(NCCN(C)C)cc(n1)-c1cccs1,-6.155
CHEMBL289265,CC(C(=O)c1ccc-2c(Cc3ccccc-23)c1)n1ccnc1,-6.15
CHEMBL2018676,O=S(=O)(c1ccccc1)c1nc2ccccc2nc1N1CCOCC1,-6.148
CHEMBL2152492,CCC(C)C(=O)c1c(O)cc(O)c2C=CC(C)(CCC=C(C)C)Oc12,-6.146
CHEMBL2229402,FCCCCN1CCNC1=NN(=O)=O,-6.142
CHEMBL52591,CNc1ncc2ncnc(Nc3cccc(C)c3)c2n1,-6.141
CHEMBL498204,CCOC(=O)C(O)=CC(=O)c1cn(Cc2c(F)ccc(F)c2F)c2cccc(OC)c12,-6.133
CHEMBL1888558,ClC1=CC(=O)N(NC1=O)c1ccccc1,-6.122
CHEMBL1819497,Fc1ccc(cc1)C1(CNC(=O)C2CCCCN2Cc2ccccc2)CCCCC1,-6.108
CHEMBL1181221,Cc1c(C)[n+](CC(=O)c2ccc(NS(C)(=O)=O)cc2)c(C)n1C,-6.099
CHEMBL1861172,CC(C)c1ccc(COc2nc(C)ccc2C(=NO)N(C)Cc2ccco2)cc1,-6.093
CHEMBL3305487,Cc1cccc(Cl)c1OCCNCC(O)COc1ccccc1,-6.091
CHEMBL505721,Cc1ccccc1COc1nc(N)nc2nc[nH]c12,-6.085
CHEMBL2387617,CCc1ccccc1S(=O)(=O)C1CO1,-6.084
CHEMBL3605966,Clc1ccc(cc1)C(=O)C(=CC=Cc1ccccc1)n1cnc2ccccc12,-6.082
CHEMBL3481887,COc1ccc(C)cc1C(N1CCN(Cc2ccccn2)CC1)C(O)=O,-6.061
CHEMBL1497145,CN1CCN(CC1)c1ccc(CNS(=O)(=O)c2cc(F)ccc2C)cc1,-6.059
CHEMBL1350,OP(O)(=O)C(Sc1ccc(Cl)cc1)P(O)(O)=O,-6.057
CHEMBL1495115,CC1=CSC2=NC(COc3ccc(NC(=O)COc4ccc(F)cc4)cc3)=CC(=O)N12,-6.048
CHEMBL299352,CCCCC(=O)NC(CNC(=O)Nc1c(cccc1C(C)C)C(C)C)c1ccccc1,-6.043
CHEMBL1173496,Clc1ccc(cc1)C1CC2Cc3cc(Cl)ccc3N1O2,-6.04
CHEMBL1521208,O=C(N1CCN(CC1)S(=O)(=O)N1CCOCC1)c1ccccc1,-6.036
CHEMBL2106826,C1OC2(CNCC1O2)c1ccc2ccccc2c1,-6.035
CHEMBL1539393,CCOC(=O)C1(Cc2ccccc2)CCN(Cc2cnn(CC)c2)CC1,-6.004
CHEMBL1708221,Cc1nnc(SCC(=O)Nc2cccnc2Cl)s1,-6.0
CHEMBL188949,O=C1N=C(CCCN2CCCCC2)Nc2ccccc12,-5.994
CHEMBL3617824,O=N(=O)c1cccc(c1)-c1cn(nn1)-c1ccccc1,-5.983
CHEMBL3597319,OC1Cc2c(O)cccc2CC1N1CCC(CC1)C(=O)c1ccc(F)cc1,-5.979
CHEMBL3103619,Cc1c(nn(c1-c1ccc(F)cc1)-c1ccnc2cc(Cl)ccc12)C(=O)NN1CCCCC1,-5.979
CHEMBL1718106,CN1C=Nc2oc(C)c(C(=O)NCc3ccccc3)c2C1=O,-5.977
CHEMBL2374894,CC1C=CC(CCC1(C)O)Sc1ccccc1,-5.971
CHEMBL511712,CN(CCO)CCn1nc2-c3cccc(Cl)c3C(=O)c3cccc1c23,-5.961
CHEMBL3187005,CCOC(=O)C(Cc1c[nH]c2ccccc12)NC(=O)C[N-][N+]#N,-5.955
CHEMBL1492449,CCc1ccc(cc1)N1C(O)=CN(Cc2ccccc2)C1=S,-5.948
CHEMBL1171436,Cc1ccc(cc1)S(=O)(=O)c1nnn2c3ccsc3c(NCc3ccc(F)cc3)nc12,-5.947
CHEMBL2435094,CCN1CCN(CCCN2N=C(NC2=S)c2ccc(OC)c(OC)c2)CC1,-5.937
CHEMBL1322756,N(c1ccccc1)c1ncnc2ccc(cc12)-c1ccoc1,-5.934
CHEMBL1917655,O=C(NN=Cc1ccc(cc1)N(=O)=O)c1cc2c3ccccc3[nH]c2c(n1)-c1cccc(c1)N(=O)=O,-5.934
CHEMBL3608580,Fc1cc(ccc1COC1COc2nc(cn2C1)N(=O)=O)-c1ccc(nc1)C(F)(F)F,-5.919
CHEMBL1426584,Cc1ccc(cc1)C1CCN(C1)C(=S)NC1CCCCC1,-5.916
CHEMBL2111574,CC(Cc1ccc(cc1)N(=O)=O)N(C)C,-5.915
CHEMBL3318559,O=C(N1CCN(CC1)c1ncccn1)c1ccc(cc1)-c1ccccn1,-5.912
CHEMBL331292,COc1cc(CC2CN=C(N)N=C2N)cc(OC)c1OC,-5.909
CHEMBL1980902,CC(Oc1cc2OC(=O)C=C(c3ccccc3)c2cc1Cl)C(O)=O,-5.901
CHEMBL3454974,Cc1nnc(NC(=O)N2CCC(CC2)N2CCCCC2)s1,-5.9
CHEMBL1179577,COCC[N+]1(C)CCC(CCC(=O)c2cc3cc(OC)c(OC)cc3s2)CC1,-5.898
CHEMBL1466814,CN(C(=O)C1CCCO1)c1nnc(s1)-c1ccc(C)nc1,-5.897
CHEMBL3455104,O=C1NCCCN1Cc1nc(no1)-c1ccc(cc1)N1CCCCC1,-5.896
CHEMBL1463467,COc1cc(NC(=O)c2cccs2)c(OC)cc1NC(=O)Nc1ccc(F)cc1,-5.89
CHEMBL66811,Nc1nc2n(Cc3ccc(OCc4ccccc4)cc3)ncc2c2nc(nn12)-c1ccco1,-5.886
CHEMBL1668146,CCC(=O)OCCCNC(=S)Nc1cc(OC)c(Cl)cc1OC,-5.875
CHEMBL3425974,NC1=NC(=O)c2ncn(C3OC(CO)(C#N)C(O)C3F)c2N1,-5.872
CHEMBL3264388,Fc1ccc(cc1)C1=CCN(CCN2C(=O)c3ccccc3C2=O)CC1,-5.869
CHEMBL1934172,OC(=O)c1ccc2c(c1)nc(-c1ccc(Cl)cc1)c1ccncc21,-5.841
CHEMBL2261941,Cc1cc(nn1C1=NN(CC(=O)NCCc2ccccc2)C(=O)C=C1)-c1ccccc1,-5.841
CHEMBL2009931,NC1CC(=O)c2c(Br)csc12,-5.831
CHEMBL585595,Oc1ccc(cc1CNCCCN1CCOCC1)-c1ccccc1,-5.831
CHEMBL3334862,CCOC(=O)C1=CN(CC(O)Cn2cnc(c2)N(=O)=O)c2c(F)cccc2C1=O,-5.822
CHEMBL1432640,CCCCOC(=O)c1sc2nc(C)cc(C)c2c1N,-5.819
CHEMBL59103,C(N1CCC(CC1)c1ccccc1)c1c[nH]c2ccccc12,-5.807
CHEMBL1501638,COc1cc(cc(OC)c1OC)-c1nc(CCNC(=O)c2ccco2)cs1,-5.805
CHEMBL3274772,CCCC(=O)c1nnc2nccn2c1CCC,-5.803
CHEMBL1410380,Nc1nnc(SCC(=O)N2CCCCC2)s1,-5.803
CHEMBL1277352,CN1CCN(CC1)c1nc(nc2ccc(I)cc12)-c1ccccc1,-5.801
CHEMBL3557737,Fc1ccc(CN2CCC3(CC(CO3)c3cccnc3)CC2)cc1,-5.796
CHEMBL3454169,COc1cc(ccc1OC(F)F)C(=O)NS(=O)(=O)c1cc(Cl)sc1Cl,-5.794
CHEMBL3472592,Cc1nccn1CCCC(=O)N1CCCN(CC1)c1ccncc1C,-5.791
CHEMBL95853,CCS(=O)CCN1C(=N)Sc2cc(ccc12)C(F)(F)F,-5.791
CHEMBL1728621,COc1ccc(OC2=C(C=NN(C2=O)c2ccc(C)cc2)C2CC2)cc1,-5.787
CHEMBL3676872,O=C(NC1CCC(CCN2CCC(CC2)c2coc3ccccc23)CC1)C1CC1,-5.773
CHEMBL2047097,OC(=O)c1c(oc2ccc(OCc3ccc(F)c(F)c3)cc12)-c1ccc2ccccc2c1,-5.77
CHEMBL2237360,CCOC(=O)CN1N=C(Nc2ccc(Cl)cc2)C=CC1=O,-5.769
CHEMBL1535509,COc1ccc(cc1)C1=C(OCC(O)=O)C(=O)c2ccccc2O1,-5.76
CHEMBL1387081,Brc1ccc(NC(=O)c2cccc(c2)-n2cnnn2)cc1,-5.754
CHEMBL1186608,NCC1CC1c1cccc(c1)C#CCCCCO,-5.744
CHEMBL3546624,Nc1nccc(n1)-c1csc(Nc2ccc(Cl)cc2)n1,-5.738
CHEMBL1896781,CC(C)CCNC(=O)CCN1C(=O)c2cccn2-c2cccnc12,-5.732
CHEMBL1556096,CC(=O)CSc1nnc(CN2C(=O)CSc3ccc(cc23)C(F)(F)F)n1C,-5.726
CHEMBL3649696,CN1C(N)=NC(C)(c2cc(Nc3ccc(cc3Cl)C#N)ccc2F)C(C)(C)C1=O,-5.709
CHEMBL1864675,CCOC(=O)C1CCN(CC1)C(=O)CCS(=O)(=O)c1ccc2N(C)C(=O)C(=O)N(C)c2c1,-5.689
CHEMBL40582,CCN1C(N)=C(C(N)=O)C(=O)c2ccc(cc12)-c1ccncc1,-5.658
CHEMBL1595387,COc1ccc(cc1)C(=O)C1=C(O)C(=O)N(CCN(C)C)C1c1cccc(OC)c1OC,-5.634
CHEMBL3688993,CC1COCCN1c1nc(N2CCOCC2C)c2ccc(nc2n1)-c1cccc(CNCCO)c1,-5.632
CHEMBL3475423,COc1ccc(CCN)cc1-c1ccc(cc1)C(N)=O,-5.603
CHEMBL329979,COc1cccc2n(c(CCNC(C)=O)cc12)-c1ccccc1,-5.596
CHEMBL1277123,CC1=C2C(=O)N(CCN3CCOCC3)NC2=CC(=O)N1Cc1ccccn1,-5.584
CHEMBL3612372,[C-]#[N+]c1ccccc1C=Cc1ccccc1,-5.577
CHEMBL1315453,COc1ccc(CN(C)CC(=O)Nc2cccc(c2)S(=O)(=O)N(C)c2ccccc2)c(OC)c1,-5.576
CHEMBL584450,C=CCn1nc(C(=O)N2CCCC2)c2CC(CCc12)N1CCCCCC1,-5.559
CHEMBL2036202,CCCC(=O)N(Cc1ccc2OCCOc2c1)c1cccc(c1)-c1nnn[nH]1,-5.557
CHEMBL1320140,Cc1csc(SCC(=O)NCc2ccc(C)cc2)n1,-5.551
CHEMBL1454681,CC1=NN=C2SC(=NN2C1=O)c1ccc(C)cc1,-5.55
CHEMBL1802944,O=C1C2=C(CCSC2)Nc2ccc(cc12)-c1ccncc1,-5.542
CHEMBL550537,CC(C)(C)Oc1nc(cc(n1)C(F)(F)F)-c1ccc(cc1)S(C)(=O)=O,-5.533
CHEMBL2012874,O=C1NN=C2C=C(CNC3CCCNC3)c3ccc(cc3N12)-c1ccc[nH]1,-5.519
CHEMBL1800374,CC1=CC(=O)N=C(N1)SCC(=O)c1ccc(cc1)C(C)(C)C,-5.507
CHEMBL1429471,OCCCNc1nc(-c2ccco2)c2CCCCc2c1C#N,-5.498
CHEMBL3114205,CCNC(=O)Nc1nc2C=C(C3=CC(=O)N(CC)C=C3)C(=O)N(C(C)C)c2s1,-5.495
CHEMBL1397839,COCCn1c(SCC(=O)NC2=C(C)N(C)N(C2=O)c2ccccc2)nnc1-c1ccncc1,-5.489
CHEMBL3486566,Cc1ccc(cc1N1CCNC1=O)C(=O)N1CCN(CC1)S(C)(=O)=O,-5.479
CHEMBL3331176,CC1(C)CCc2c(O)c(C(=O)c3ccc(O)cc3)c(O)cc2O1,-5.471
CHEMBL342228,CSCCC(NC(=O)c1ccc(CNCc2[nH]cnc2C)cc1-c1ccccc1C)C(O)=O,-5.47
CHEMBL517989,CC1(C)CC2C1(O)C(O)CC1(C)C=CC(O)C21CO,-5.463
CHEMBL1860831,COc1ccc(cc1)-c1nc(CNCCCOC=C)co1,-5.452
CHEMBL1562587,COC(=O)c1c(NC(=O)C2CCCO2)scc1-c1cccc(C)c1,-5.452
CHEMBL158194,OS(=O)(=O)c1ccc2C3=C(Cc2c1)n1ccnc1C(=O)N3,-5.444
CHEMBL2285905,CCCNC(=O)C=Cc1ccc(Cl)cc1Cl,-5.441
CHEMBL1586101,CC(C)c1nc(CNC(=O)CC2N(Cc3ccc(F)cc3Cl)CCNC2=O)cs1,-5.439
CHEMBL3554590,O=C(N1CCOCC2(CCN(C2)C2CCOCC2)C1)c1ccoc1,-5.437
CHEMBL3236126,NCC1CN(CCc2ccc3OCOc3c2)C(=O)CC1c1cc(F)c(F)cc1F,-5.436
CHEMBL2172489,Cc1nc(N)nc(n1)-c1c(Nc2cc[nH]n2)nc2ccc(cn12)-c1cnn(c1)C1CC1,-5.427
CHEMBL1331189,CN1CC(CO)C=C2C1Cc1c[nH]c3cccc2c13,-5.426
CHEMBL2270414,CC(C)NC(=O)SCCC(CN(C)C)SC(=O)NC(C)C,-5.425
CHEMBL495333,COc1cncc(c1)-c1cc2ccc(OC)cc2cc1Cc1ccccc1,-5.414
CHEMBL1602600,CNC(=O)CN1C(C)=CC(=O)c2cccc(OC)c12,-5.4
CHEMBL3546020,COc1ccc(C=C2Oc3cc(OCCCN4CCCCC4)ccc3C2=O)cc1OC,-5.387
CHEMBL300654,COC(=O)C=CC(=O)Nc1ccc(cc1)-c1nccc2cc(OC)c(OC)cc12,-5.378
CHEMBL267616,COc1ccc(CC2CCc3nc(N)nc(N)c3C2)cc1OC,-5.371
CHEMBL1413453,Cc1noc(NS(=O)(=O)c2ccc(NC(=O)CCCOc3cccc(C)c3C)cc2)c1C,-5.369
CHEMBL2206007,CN(C)CCOc1ccc(C=C2C(=O)Nc3ccc(Cl)cc23)cc1,-5.368
CHEMBL3220177,CCN(CC)C(=O)N1CC(N)C(C1)C(O)=O,-5.366
CHEMBL1496491,CSc1ccc(CCNC(=O)c2cc(c(s2)N2CCOCC2)-c2ccccc2)cc1,-5.348
CHEMBL569298,NC(=S)Nc1cccc(OCCCCCCCCNC(=S)Nc2ccc(Cl)cc2)c1,-5.346
CHEMBL1179341,CCCCCCCCCCCOC(=O)CC(C[N+](C)(C)C)OC(=O)CCCBr,-5.335
CHEMBL195511,COc1ccc(CNc2ncc(Cl)cc2C(=O)NC2CCN(Cc3ccccc3)CC2)cc1,-5.333
CHEMBL161874,CCCCCC=Cc1cc(O)c2C3CC(C)=CCC3C(C)(C)Oc2c1,-5.331
CHEMBL183579,Clc1ccc2c(NCCCCCCCNC(=O)C=NOCC=C)ccnc2c1,-5.327
CHEMBL270166,CN(CCN1C(=N)N(CC(=O)c2ccc(Cl)cc2)c2cccc(Cl)c12)C(=O)Cc1ccccc1,-5.323
CHEMBL1540182,CC(C)OCCCNC(=O)c1ccc(CS(=O)(=O)c2ccccc2C)o1,-5.315
CHEMBL64682,Cc1c(C)c(C#N)c(cc1C(=O)N=C(N)N)S(C)(=O)=O,-5.315
CHEMBL151568,CSc1nc2N(Cc3ccccc3)C(=O)Nc2c(N)n1,-5.295
CHEMBL1442438,COc1ccc(cc1)-c1sc2ccccc2c1C#Cc1cncn1C,-5.283
CHEMBL1223766,COc1cc(C=C2N=C(NCCO)N(C(C)c3ccc(F)cc3)C2=O)ccc1-n1cnc(C)c1,-5.281
CHEMBL1888121,COc1ccccc1N1CCN(CC1)C(=O)C1CN(C(=O)C1)c1ccccc1,-5.27
CHEMBL303948,CC(C)CC(NC(=O)OC(C)(C)C)C(=O)NC(CC(O)=O)C(=O)OCCc1ccccc1,-5.264
CHEMBL169069,O=C(Cc1c([nH]c2ccccc12)-c1ccccc1)N(CCC#N)C1CC1,-5.263
CHEMBL1343846,CC(C)(CNc1ccc(cc1Cl)N(=O)=O)N1CCOCC1,-5.261
CHEMBL3554919,CCN(CC)c1ccc2ccc(cn12)C(=O)N(CCOC)CCOC,-5.259
CHEMBL1254256,Nc1ccc(cc1)S(=O)(=O)NCc1cn(Cc2ccccc2Cl)nn1,-5.257
CHEMBL1990889,CCCNC(=O)C1C(=O)N(CCC)C(=O)C1=O,-5.253
CHEMBL3585831,COC(=O)CCN1C(Nc2ccccc2C1=O)c1ccc(Cl)cc1,-5.252
CHEMBL89673,CC12CCCC1C1CC(=NO)C3=CC(=O)CCC3(C)C1CC2,-5.25
CHEMBL3654507,Cc1cc(ccn1)-c1n[nH]c2ccc(cc12)C(=O)NC1CCCN(Cc2c(C)cccc2C)C1,-5.25
CHEMBL3105014,CC(C)=CCCC(C1CC(O)C2(C)C3=CCC4C(C)(C)C(O)CCC4(C)C3C=CC12C)C(O)=O,-5.23
CHEMBL1739468,NC(Cc1ccc(O)cc1)C(=O)N1CCC(CC1)c1noc2cc(F)ccc12,-5.23
CHEMBL597937,OC1CC(NC(=O)OCC2CN(C(=O)O2)c2ccc(N3CCOCC3)c(F)c2)C=C1,-5.228
CHEMBL3604941,CC(=O)N1CCN(CC1)c1cc(Nc2n[nH]c3ccccc23)nc(Oc2cccc(NC(=O)C=C)c2)n1,-5.219
CHEMBL3287393,Clc1cccc(N2CCN(CCCCOc3cccc4ccnn34)CC2)c1Cl,-5.18
CHEMBL308445,CC(=NNC(=S)N1CC2CCC(CC2)C1)c1ccc(C)nn1,-5.149
CHEMBL81808,CN(C)C(=O)Oc1ccc2C(C)=C(Cc3ccccc3)C(=O)Oc2c1,-5.142
CHEMBL3361350,COc1cc2NC(C)=C(C(=O)c2cc1Cl)c1ccc(nc1)N(C)C,-5.136
CHEMBL1387966,Cc1onc(c1C(=O)Nc1nc2CC(C)(C)CC(=O)c2s1)-c1ccccc1,-5.136
CHEMBL1547490,N#Cc1ccc(cc1)C(N1CCC(Cc2ccccc2)CC1)c1nnnn1C1CCCC1,-5.129
CHEMBL1534724,CCCCOC(=O)c1[nH]c(C)c(C(=O)OC)c1C,-5.122
CHEMBL1741041,CC1(C)OC2C(COS(O)(=O)=O)OC(C2O1)n1cnc2c(N)ncnc12,-5.119
CHEMBL317826,CCCN1CCC(=CC1)c1ccccc1,-5.118
CHEMBL2023592,COc1ccccc1C1SCCC(=O)N1NC(=O)c1ccncc1,-5.111
CHEMBL214176,CCCN(CC)CCCNc1c2ccc(OC)cc2nc2ccc(cc12)C(F)(F)F,-5.108
CHEMBL186170,COc1c(ccc2Oc3c(OCCC(C)C)cc(C)cc3OC(=O)c12)C(O)C(C)C,-5.102
CHEMBL1829723,Cc1cccc2C3=Nn4c(SC3Cc12)nnc4-c1ccccc1,-5.097
CHEMBL168092,COc1cc2CCOC(CN3CCN(CC3)c3ccccc3OC)c2cc1OC,-5.087
CHEMBL2181808,Cc1c(CC(O)=O)c2cc(F)ccc2n1Cc1nc2ccccc2s1,-5.066
CHEMBL3212100,COC(=O)c1nn(c(Cl)c1C=NOCc1ccc(C)cc1)-c1ccccc1,-5.057
CHEMBL3250439,ClCCN(N=O)C(=O)NC1CCC(CC1)NC(=O)N(CCCl)N=O,-5.054
CHEMBL3321877,COc1ccc(CN2CCCCC2)cc1OC(=O)N(C)C,-5.036
CHEMBL2058020,Cn1c2nc3ccccc3c2c(NCCCN)c2cc(Br)ccc12,-5.03
CHEMBL100912,CC(C)=CCCC(C)=CCCC(C)=CCOC1CN2CCC1CC2,-5.026
CHEMBL434961,CCCCC(=O)c1c(OC)cc(OC)cc1C=O,-5.019
CHEMBL284386,COc1ccc(cc1OC1CCCC1)C(Cc1ccncc1)c1cccc(F)c1,-5.009
CHEMBL2205907,CCOc1ccc(NS(=O)(=O)c2ccc(C)cc2)c2cn(C)nc12,-5.008
CHEMBL583592,COc1cc(OC)cc(c1)N1C(=O)N(CC(=O)c2ccc(F)cc2)c2ccsc2C1=O,-4.999
CHEMBL3414828,CC1=C(C(NC(=S)N1)c1ccccc1O)C(=O)Nc1nc2ccccc2s1,-4.995
CHEMBL2012957,Cc1nc2c(Br)cccc2n1-c1ccc(s1)C(=O)NC1CC1,-4.968
CHEMBL3450700,CCCN1Cc2ccccc2NC(=O)C11CCNC1,-4.959
CHEMBL2023648,COc1ccc(cc1)C(=O)Nc1ccc(cc1)C(=O)c1ncc(CC(O)=O)c2ccccc12,-4.953
CHEMBL3459094,CC(C)N(C)CCNC(=O)N1CCN(Cc2ccon2)CC1,-4.951
CHEMBL172102,NC1=C2C=CC(=O)C=C2NC2=C1C(O)CCC2,-4.948
CHEMBL1976930,CC(C)NC(=O)OCc1c(COC(=O)NC(C)C)n(C)c-2c1CCc1ccccc-21,-4.946
CHEMBL1823849,COc1cccc2nc(ccc12)-c1noc(n1)C1CCN(CC1)C(=O)Nc1ccccc1Cl,-4.941
CHEMBL1742012,CC12CCC3C(CCc4cc(O)ccc34)C1CCC2OC(=O)CCc1ccccc1,-4.935
CHEMBL1522193,COc1ccc(NC(=S)N(CCc2ccc(OC)c(OC)c2)Cc2ccccn2)cc1,-4.935
CHEMBL3655684,CC1CCC(COc2ccnc(Cl)c2)CN1C(=O)c1ccccc1-n1nccn1,-4.927
CHEMBL3496187,Cc1cn2nc(sc2n1)N1CCCN(Cc2noc(C)n2)CC1,-4.924
CHEMBL1306026,CC(=O)NC(=Cc1ccc2OCOc2c1)C(=O)N1CCOCC1,-4.913
CHEMBL511457,CC1(C)NC(C)(C)C(=C1)c1nc2c(cccc2[nH]1)C(N)=O,-4.908
CHEMBL3582011,CCC(CC)(NC(=O)c1ccc(N2CC(C2)OC)c(OCC2CC2)n1)C(=O)NCCCF,-4.901
CHEMBL1472505,OC1=C(C(N(CCCn2ccnc2)C1=O)c1cccs1)C(=O)c1ccc(OCC=C)cc1,-4.896
CHEMBL3645014,Fc1ccc(cc1)-n1cc(cn1)-c1cccn2nc(Nc3ccc(cc3)C3CCNCC3)nc12,-4.892
CHEMBL3138774,CN(C)CC(CSC(=O)N(C)C)CSC(=O)N(C)C,-4.888
CHEMBL292917,OC(=O)CCCN1N=C(C=CC1=O)c1c(nn2ccccc12)-c1ccccc1,-4.886
CHEMBL1611426,OCCN1CCN(CC1)c1ncnc2c1sc1nc(N3CCOCC3)c3CCCc3c21,-4.884
CHEMBL1459543,Cc1c(Br)cc(C(=O)N2CCCCCC2)c(C)c1C,-4.882
CHEMBL476245,CCOC(=O)N1CCC(CC1)N(Cc1cc(ccc1O)N(=O)=O)C(=O)N(C)C,-4.866
CHEMBL87659,C[N+](C)(CCCCCc1ccc(cc1)-c1ccccc1)CCCCS([O-])(=O)=O,-4.866
CHEMBL3099539,O=C(N1CCN(CC1)S(=O)(=O)c1ccc2NC(=O)C(=O)c2c1)c1ccco1,-4.864
CHEMBL251541,COc1cccc2CC3C(CC(CN3C)C(=O)N3CCN(CC3)c3ccc(cc3)N(=O)=O)Cc12,-4.86
CHEMBL1476556,Nc1nc(NCC=C)nc(NC2CCCCC2)c1N(=O)=O,-4.854
CHEMBL1081819,CCOC(=O)c1nnn2c1nc(N(CC)CC)c1ccccc21,-4.852
CHEMBL98441,CN1CCc2c(C1)cccc2NC(=O)c1cccc(Cl)c1,-4.845
CHEMBL1554200,COC(=O)c1sc(NC(=O)C=Cc2ccc(OC)c(OC)c2)c(C(=O)OC)c1C,-4.817
CHEMBL1767206,CN(C)c1ccc(C=CC(=O)C=Cc2ccc(I)cc2)cc1,-4.817
CHEMBL3700253,Cc1cc(no1)C(C)(O)C#Cc1ccc2OC(CF)Cn3cc(nc3-c2c1)C(N)=O,-4.813
CHEMBL1442131,CCC(C)(N(Cc1ccco1)C(=O)CC1NC(=O)NC1=O)C(=O)NC1CCCCC1,-4.811
CHEMBL3553222,COc1cc(ncn1)N1CCC2(CCCN2Cc2cnn(C)c2)CC1,-4.783
CHEMBL1518824,COCCNC(=S)N(CCc1c(C)[nH]c2ccc(F)cc12)Cc1cccs1,-4.767
CHEMBL1684214,COc1ccc2OCC(Cc2c1)c1nc(SCCN(C)C)c2cc(ccc2n1)-c1cn[nH]c1,-4.763
CHEMBL1108,Fc1ccc(cc1)C(=O)CCCN1CCC(=CC1)N1C(=O)Nc2ccccc12,-4.763
CHEMBL2420604,CCC(O)C(C)C1OC1CC(C)C=CC=C(C)C1OC(=O)CCCCCCC=CC1C,-4.756
CHEMBL1643930,CCc1cccc2c(OC(C)=O)c(ccc12)-c1occ(C)c1COC(C)=O,-4.734
CHEMBL1703379,CCOc1ccc(cc1)S(=O)(=O)Nc1ccc(cc1)C(=O)N1CCCC1,-4.725
CHEMBL1377249,CCCC1=NC2=C(C(=O)N1Cc1ccco1)C(=O)c1ccc(OC)cc1O2,-4.715
CHEMBL569611,Cc1coc-2c1C(=O)Oc1c3CCCc3ccc-21,-4.712
CHEMBL2323366,O=C1C(=Nc2ccccc2)c2cccc3cccc1c23,-4.694
CHEMBL1929241,CC(CCCC(C)(C)O)CC(C)(C)CC=CC=C1CC(O)C(=C)C(O)C1,-4.693
CHEMBL580897,O=C(NC1CCC(CN2CCC(CC2)c2c[nH]c3ccccc23)CC1)C=Cc1cccc2ccccc12,-4.686
CHEMBL2435019,CCOC(=O)[C-](C=C(C(=O)c1ccc(OC)cc1)[n+]1ccc(OC)cc1)C#N,-4.682
CHEMBL1465255,COCCCNC(=O)Cn1nnc(n1)-c1ccc(NC(=O)c2cccnc2)cc1,-4.681
CHEMBL3577501,Nc1ccccc1OCCCOc1ccc(cc1)-n1cccc1,-4.672
CHEMBL1371224,CSC1=NC(=C(C#N)C(=O)N1C)c1ccccc1F,-4.651
CHEMBL1326427,NC(=NN(=O)=O)N1CCN(CC1)C(=O)c1ccc(Cl)cc1,-4.649
CHEMBL483401,CC1=C(C(N=C(N1)c1ccnc(Cl)c1)c1ccc(Cl)cc1F)C(=O)Nc1ccc2[nH]ncc2c1,-4.649
CHEMBL1214657,Cn1cc(Br)c(n1)C(=O)N1CCN(CCc2ccc(Cl)cc2)CC1,-4.647
CHEMBL3338711,CCCCNC(=O)NS(=O)(=O)c1ccc(cc1)N1N=C(CC1c1ccccc1)c1cccs1,-4.646
CHEMBL3703274,Cc1cncc(c1)-c1ccc2OC3(CCC3)C3(COC3)C3(COC(N)=N3)c2c1,-4.643
CHEMBL1313523,Cc1ccc(NC(CSC(N)=O)=NS(=O)(=O)c2ccccc2)cc1,-4.631
CHEMBL1888414,Clc1ccc(c(Cl)c1)C1(Cn2cncn2)CC(Br)CO1,-4.618
CHEMBL2362560,OCCN1CCN(CC1)C1CN(C2CCCC2)S(=O)(=O)C1,-4.605
CHEMBL2440416,COc1ccc(cc1)N=C1Oc2cc(O)ccc2C=C1C(=O)NCCCO,-4.6
CHEMBL2236609,COc1ccc(Cc2nnc(NC(=O)CN3CCOCC3)s2)cc1,-4.59
CHEMBL244623,CN1N=C(C2CCCCC2)C(C=C)=C(N)C1=O,-4.575
CHEMBL3689809,CCN(CC)Cc1c(nc2cc(C=CC(=O)NO)ccn12)-c1ccccc1,-4.563
CHEMBL572638,CC1=C(C(NC(=O)N1)c1ccccc1)C(=O)Nc1ccccc1Cl,-4.558
CHEMBL1616807,CCN(CC)CC#CC(OC)(c1ccccc1)c1ccccc1,-4.556
CHEMBL42510,O=C(CC1=Nc2ccccc2C(=O)N1c1ccccc1)c1cccnc1,-4.55
CHEMBL145542,OCCn1nnc(n1)-c1ccc(cc1)N(=O)=O,-4.542
CHEMBL366407,CC12CCC(=O)N1c1ccc(Cl)cc1N2,-4.535
CHEMBL3314783,COc1c(Br)cc(CC2=C3N=C(N)N=C3C=CNC2=O)cc1Br,-4.53
CHEMBL594029,S=C(Nc1ccccc1)N1N=C2CCCCC2C1c1ccco1,-4.517
CHEMBL2409828,COc1cc2ncnc(Nc3cccc(F)c3)c2c(OC)c1OC,-4.516
CHEMBL599078,COc1cc(ccc1OCc1ccccc1)-c1c2C(=O)OC(=O)c2cc2ccc3OCOc3c12,-4.509
CHEMBL3643522,CN1C=Nc2cc(nc(Nc3nc(CCO)cs3)c2C1=O)-c1ccc(cc1)N1CCOCC1,-4.5
CHEMBL3680583,CCOC(=O)c1coc(Nc2cccc(CNc3ncnc4c(cccc34)C(N)=O)c2)n1,-4.492
CHEMBL1468196,CCOc1ccccc1CN1CCNC(=O)C1CC(=O)N(C)Cc1cnccn1,-4.487
CHEMBL469323,CCCCCCOc1ccc(cc1)-c1ccc(cc1)C(O)=O,-4.485
CHEMBL3465864,CC(C)(C)S(=O)(=O)c1ccc(cn1)N1CCC(CC1)n1ccnc1,-4.471
CHEMBL315617,NC1=Nc2cc(F)ccc2C2CCCC12,-4.455
CHEMBL1681897,Fc1ccc(COc2n(nc3c4CCCCc4ncc23)-c2ccc(Cl)cc2)cc1,-4.447
CHEMBL2114105,NC(C1C(C1c1ccccc1)C(O)=O)C(O)=O,-4.441
CHEMBL78796,Oc1ccc2CC3N(CC4CC4)CCC45C(Oc1c24)C(CCC35O)OCC1CC(=C)C(=O)O1,-4.44
CHEMBL1324671,O=C(CC(NC(=O)c1ccccc1)c1ccccc1)N1CCN(Cc2ccc(cc2)C#N)CC1,-4.432
CHEMBL288448,CC(=O)Nc1n[nH]c2ncc(cc12)-c1ccccc1,-4.412
CHEMBL3393662,COc1ccc2ccccc2c1CCC(O)=O,-4.411
CHEMBL246085,CSC1=Nc2sc3CCCc3c2C(=O)N1c1ccc(F)cc1,-4.397
CHEMBL481113,N#Cc1ccc2[nH]cc(C3CCC(CC3)N3CCN(CC3)c3cccc4nccnc34)c2c1,-4.385
CHEMBL1872513,CCN1C(C=Cc2cc(C)ccc12)=C1SC(=S)N(C)C1=O,-4.373
CHEMBL1586106,CCCn1c(SCC(=O)Nc2ccc3OCOc3c2)nc2N(C)C(=O)N(C)C(=O)c12,-4.373
CHEMBL1689217,CC1=CC(=O)C=CC11CCC2C3CCC(C=C)C3(C)CCC12,-4.371
CHEMBL153013,CCCn1nc(C(C)C)c(C(O)=O)c1Cc1ccc(cc1)-c1ccccc1-c1nn[nH]n1,-4.368
CHEMBL2131116,CC(CO)N1CC(C)C(CN(C)C(=O)CN(C)C)Oc2ncc(Br)cc2C1=O,-4.353
CHEMBL1489625,CCCNc1nc2N(C)C(=O)NC(=O)c2n1CCC(C)C,-4.352
CHEMBL1835534,Cc1cccc(n1)-c1nn(cc1-c1ccc2ncnn2c1)C(=S)Nc1ccccc1F,-4.342
CHEMBL1314344,Cc1ccc(NC(=O)c2ccc(NC(=O)CCS(=O)(=O)c3cccs3)cc2)cc1F,-4.335
CHEMBL2358416,CCCNC(=O)C1(C)CCCN(Cc2cccc(c2)C(F)(F)F)C1,-4.333
CHEMBL249413,COc1ccc(cc1)C1CCN(CC2CCC(C2)NC(=O)C=Cc2cc(Cl)cc(Cl)c2)CC1,-4.33
CHEMBL3276306,CCc1nn(C)c2NC(=O)CN=C(c12)c1ccccc1Cl,-4.327
CHEMBL1207218,OCc1c(cc2c(I)cc3OCOc3c2c1-c1ccc2OCOc2c1)C(O)=O,-4.324
CHEMBL2220951,CCCCCCCCOC(=O)C(N)CC,-4.307
CHEMBL297074,CCCCCn1nnc(n1)N(C(=O)Nc1c(OC)cc(OC)cc1OC)c1ccccc1,-4.287
CHEMBL333463,CN1CCc2c(C1)c(cc1NC(=O)C(O)=Nc21)N(=O)=O,-4.285
CHEMBL1644441,CCn1nnc2c1C(=O)c1ccccc1C2=O,-4.278
CHEMBL2170059,Cc1cc(OCCN2CCOCC2)nn1-c1cccc(Cl)c1,-4.277
CHEMBL1439090,CCN1CCN(CC1)C(C(C)NC(=O)c1ccccc1)c1cccs1,-4.27
CHEMBL1521375,COc1ccc(NC(=O)Cn2nnc(C(=O)NCc3cccs3)c2N)cc1,-4.267
CHEMBL3670763,Cc1nc(c(CN2CCC3(CN(C(=O)O3)c3ccc(cc3)C(O)=O)CC2)s1)-c1ccccc1,-4.265
CHEMBL136135,CC=C(C)C(=O)NC1=CCC2(C)C3CCC4(C)C(CCC4C3CCC2C1=O)C(C)N(C)C,-4.263
CHEMBL109228,CCCS(=O)(=O)NC1=CC=C(C)N(CC(=O)NCC2CCc3nc(N)sc3C2)C1=O,-4.26
CHEMBL403293,CC(C)S(=O)(=O)NC1CCCN(C1)S(=O)(=O)c1ccc(F)cc1,-4.241
CHEMBL40314,CNCCN1C(=O)c2ccc(OC)c3cc4ccccc4c(C1=O)c23,-4.241
CHEMBL1181174,CN1c2ccc(F)cc2-c2[n+](C)c3ccc(F)cc3c3cc(C)cc1c23,-4.24
CHEMBL3234130,Cc1nn(-c2ccccc2)c2nc(-c3ccccc3)c(nc12)C(=O)NN1C(=O)CSC11CCCCC1,-4.235
CHEMBL204523,CCOC(=O)C(C)=C1CCC2(CC1)OCC(OO2)C(=C)c1ccc(Cl)cc1,-4.235
CHEMBL3469108,Cc1nn(C)c(C)c1C1COCCN1c1ncnc2sccc12,-4.229
CHEMBL3489511,CN(CC(O)CN1C=Nc2sccc2C1=O)Cc1ccccc1,-4.216
CHEMBL1618776,CCCC1=[N+](CC)CCn2c(C)ccc12,-4.207
CHEMBL2140232,CC1=C(CC(CC(=O)NC2CCCC2)C(=O)N1Cc1ccccc1)C(=O)N1CCOCC1,-4.206
CHEMBL188414,CC(C)C(NC(=O)C(NC(=O)c1ccccc1)=Cc1ccccc1F)C(O)=O,-4.202
CHEMBL2288368,CON=C(C#N)C(=O)NC(=O)OC(C)(C)C(=O)OC,-4.202
CHEMBL1371833,CCCCc1nc2cc(ccc2o1)C(=O)NCCc1cnn(C)c1,-4.192
CHEMBL1386631,Cc1ccc(cc1)C(=O)Nc1c(sc(SCC#N)c1-c1ccccc1)C#N,-4.181
CHEMBL2022266,COC(=O)C1(C)CC(O)C(O)C2(C)C3CCC4CC3(C(O)CC12)C(=O)C4=C,-4.16
CHEMBL3692549,Cc1cc(no1)C(C)(O)C#Cc1ccc2C3CC(C3)n3c(nc(C(N)=O)c3C(F)(F)F)-c2c1,-4.159
CHEMBL578333,CN1c2nc(NC3CCCCC3)n(CC(O)COc3ccccc3C)c2C(=O)NC1=O,-4.159
CHEMBL1584618,Brc1ccc(cc1)S(=O)(=O)Cc1ccc(o1)C(=O)N1CCOCC1,-4.154
CHEMBL3462480,Fc1ccc(cc1F)C(=O)N1CCCCC1c1nc[nH]n1,-4.153
CHEMBL533664,O=C(C=Cc1cn(nc1-c1ccccc1)-c1ccccc1)N1CCN(CC1)c1ccncc1,-4.151
CHEMBL256649,Oc1ccc(cc1NC(=O)OCc1ccccc1)-c1ccccc1,-4.149
CHEMBL2414848,Oc1cccc(c1)C1NC(=S)N2CCCCN12,-4.125
CHEMBL1742189,CS(=O)(=O)OC1CN2CCC1CC2,-4.124
CHEMBL2228234,CNC(=O)C(=NOC)c1ccccc1CON=C(C)C1=Cc2ccc(F)cc2C1,-4.12
CHEMBL267573,CC(C)c1cccc(C(C)C)c1N1CNC(Cc2ccccc2)C1=O,-4.113
CHEMBL251990,CCOC(=O)C1=CC(OC(CC)CC)C(NC(C)=O)C(N)C1,-4.11
CHEMBL1600889,CC(Oc1ccc2C(=CC(=O)Oc2c1)c1ccccc1)C(=O)NCCCn1ccnc1,-4.098
CHEMBL3140315,Cn1cc[n+](CCC(C)(C)C)c1C=NO,-4.091
CHEMBL1392330,CN1c2sc3COC(C)(C)Cc3c2C(=O)N(C1=O)c1ccc(Cl)cc1,-4.076
CHEMBL307271,Cc1ccccc1C(=O)Nc1ccc(cc1)C(=O)N1Cc2ccccc2Cc2ccccc12,-4.066
CHEMBL3475769,CN(CCCc1cnn(C)c1)C(=O)Nc1cnn(C)c1C,-4.066
CHEMBL3556410,O=C1CC2(CCN(Cc3ccco3)C2)CN1c1ccc2OCOc2c1,-4.053
CHEMBL581855,CCN1CCN(CC1)c1cc(C)c(C#N)c2nc3ccccc3n12,-4.052
CHEMBL1894464,COC(=O)c1ccccc1NC(=O)c1cnn2c(cc(nc12)C1CC1)C(F)F,-4.046
CHEMBL584962,Nc1ccc2c(COc3ccc(Cl)c(Oc4cc(Cl)cc(c4)C#N)c3)noc2n1,-4.043
CHEMBL1894599,CCCCNc1nc2c(nnn2c2ccsc12)S(=O)(=O)c1ccc(Br)cc1,-4.042
CHEMBL1377817,Clc1ccccc1CS(=O)(=O)NCCc1ccccc1,-4.036
CHEMBL1974022,ClCN1N=CC(Sc2ncccn2)=C(Sc2ncccn2)C1=O,-4.035
CHEMBL1824083,CC(c1ccc2OC(C)(C)C=Cc2c1)n1cnc2ncccc12,-4.018
CHEMBL91717,CC(C)(C)C1CSC(C)(SC1)c1ccc(I)cc1,-4.006
CHEMBL1182190,COc1cc2CC[N+](C)(C)C(CC(C)C)c2cc1OC,-4.005
CHEMBL1446228,COc1ccc(cc1)C(=O)Nc1cc(ccc1OC)S(=O)(=O)N1CCCCC1,-3.977
CHEMBL1356424,COCCN1C(c2c(n[nH]c2C1=O)-c1cc(C)ccc1O)c1ccc(cc1)C(C)C,-3.977
CHEMBL1516810,COc1ccc(cc1OC)C1N(C(=O)C(O)=C1C(=O)c1ccco1)c1nnc(C)s1,-3.972
CHEMBL1172059,CCCN1CCC2(CC1)OC(Cc1c2cnn1-c1ccccc1)OC,-3.971
CHEMBL2323009,CCC(C)N1C(Nc2ccccc2C1=O)c1ccc(C)s1,-3.97
CHEMBL2143392,COc1ccc(cc1)C1N=C(Nc2nc3ccccc3o2)NC2=C1C(=O)CC(C)(C)C2,-3.97
CHEMBL159344,COC(=O)c1ccccc1OC(C)(C)C1OCC(CC=CCCC(O)=O)C(O1)c1cccnc1,-3.957
CHEMBL3664750,Cn1c2CC3CCC(N3)c2c2cc(ccc12)S(=O)(=O)n1ccc2c(F)cccc12,-3.946
CHEMBL3360212,COc1cccc(Nc2nccnc2NS(=O)(=O)c2cccc(c2)N(=O)=O)c1,-3.933
CHEMBL598023,CCCCCCCCCCCCN1C(=O)c2cccc3c(NCCCCCCCC)ccc(C1=O)c23,-3.92
CHEMBL1550855,Cc1cc(C)nc(n1)N(CN1C(=O)c2ccccc2C1=O)C#N,-3.907
CHEMBL1903279,CN(C)c1ccc(C=Cc2cc[n+](C)c3ccc4ccccc4c23)cc1,-3.907
CHEMBL3582131,CC12CC(O)C3=C(C1CCC2=O)C(=O)c1occ2C(O)CCC3(C)c12,-3.898
CHEMBL3275341,COC(=O)c1ccc(OCCCCCCCCCCCCCCCO)cc1,-3.889
CHEMBL3449192,CS(=O)(=O)c1cn[nH]c1C1CCCCN1C(=O)c1ccsc1,-3.873
CHEMBL1389239,CCCC1=CC(=O)N=C(N1)SCC(=O)c1ccc(cc1)S(=O)(=O)N1CCCC1,-3.872
CHEMBL463065,CC12CCC3C(CCC4CC(O)CCC34C)C1(O)CC(O)C2C1=COC(=O)C=C1,-3.868
CHEMBL1254732,CN1C(=O)C(=Cc2cnnc(-c3ccc(F)cc3C)c12)c1cc(ncc1C)C(=O)NC1CC1,-3.868
CHEMBL2139023,CC(C)Cc1nc2nc(C)cc(C)n2c1NC1CCCCC1,-3.864
CHEMBL2064843,Cc1ccc2CCC(=NNc3nc(cs3)-c3ccccc3)c2c1,-3.851
CHEMBL1586588,Cn1cnnc1SCc1nc(N)nc(Nc2ccccc2)n1,-3.828
CHEMBL2296484,Cc1ccc(cc1)C(CC(=O)C1=Cc2ccccc2OC1=O)Nc1ccc(cc1)C(O)=O,-3.818
CHEMBL1516625,COc1ccc(NC(=O)CN2CCN(CC(=O)Nc3ccc4OCOc4c3)CC2)cc1,-3.81
CHEMBL1575033,N#CC(Sc1nc2ccccc2s1)=Cc1ccco1,-3.808
CHEMBL550285,CCOC(=O)c1csc(NN=Cc2ccco2)n1,-3.808
CHEMBL30245,CCCCN(CCCC)c1cccc2c(cccc12)S(=O)(=O)Nc1onc(C)c1C,-3.803
CHEMBL1352759,CCC(=O)N1CCCc2cc(ccc12)S(=O)(=O)N1CCN(CC1)C1CCCCC1,-3.795
CHEMBL2354943,CC1(C)OC(=O)C2(Cc3ccc(Cl)cc3N3CCCC23)C(=O)O1,-3.789
CHEMBL3621252,COc1ccc(cc1S(=O)(=O)NC1CCCC1)-c1cccc(NC(C)=O)c1,-3.773
CHEMBL2354953,CN1C2CCC(CC(=O)NCC3CC3)OC2COc2ccc(NC(=O)NC3CCCC3)cc2C1=O,-3.771
CHEMBL582362,CC(C)Oc1cccc(c1)-c1ccc(s1)C(=O)NC1CCN(Cc2ccc(NC(C)=O)cc2)CC1,-3.76
CHEMBL3306594,CN1C=C(C(N)=NC1=[NH2+])c1ccc(NC(=O)c2ccc(Nc3cc[n+](C)c4ccccc34)cc2)cc1,-3.752
CHEMBL1626811,CCCSc1ccc2n(C)c(c[n+]2c1)-c1ccc(C=NNC(=N)N2CCCC2)cc1,-3.744
CHEMBL584119,C(Oc1ccc(cc1)-c1cnc2c(cnn2c1-c1ccccc1)-c1nnn[nH]1)c1ccccc1,-3.729
CHEMBL152931,COc1ccc(cc1N1CCN(C)CC1)C1=CC(=O)c2cc(-c3cnco3)c(OC)cc2N1,-3.719
CHEMBL2237034,Cc1ccc(C2=NN(C(=O)CC2)c2ccc(cc2)S(=O)(=O)NC(=O)NCc2ccccc2)c(C)c1,-3.714
CHEMBL3490723,CCc1ccsc1C(=O)N1CCCN(Cc2cnn(CC)c2)CC1,-3.709
CHEMBL1462807,Brc1ccc(cc1)C(=O)NC(=Cc1cccc(c1)N(=O)=O)C(=O)N1CCOCC1,-3.698
CHEMBL3605062,NS(=O)(=O)c1ccc(cc1)N1C(=O)C(Cl)=C(Nc2ccc(cc2)N(=O)=O)C1=O,-3.697
CHEMBL3581636,CCC(=C(c1ccc(C=CC(O)=O)cc1)c1ccc2NC(=O)Sc2c1)c1ccccc1,-3.682
CHEMBL198099,COC(=O)CN1C(=O)C2(CCN(CC3CCCCC3)CC2)c2ccccc12,-3.68
CHEMBL1766222,Cc1cc(C)cc(c1)S(=O)(=O)c1c([nH]c2ccc(Br)cc12)C(=O)NCc1ccccc1,-3.679
CHEMBL3192237,CN=C1SC(CC(=O)Nc2ccc(F)cc2F)C(=O)N1N=C(C)c1cccc(OCC(O)=O)c1,-3.648
CHEMBL1879299,Clc1ccc(CNC(=O)CCNC(=O)C2CCN(CC2)S(=O)(=O)c2ccccc2)c(Cl)c1,-3.63
CHEMBL2358307,Cc1cccc(C)c1-n1nnnc1C1(C)CCC(=O)N1C1CC1,-3.624
CHEMBL3476065,COC(=O)c1cc(NC(=O)NCC2CCS(=O)(=O)C2)ccc1Cl,-3.619
CHEMBL3680288,CC(NC(=O)C(C)C#N)c1ccc(cc1)C1CN(C1)c1ccc(OCC2CC2)cc1,-3.618
CHEMBL2011332,Cc1ccc(cn1)-c1cnc(Nc2cc(ccn2)N2CCN(CC2)S(C)(=O)=O)s1,-3.615
CHEMBL2377598,COC(=O)n1cc(CC#N)c2ccc(O)cc12,-3.604
CHEMBL350482,FC(F)Oc1ccc(cc1OC1CCCC1)C1(CN2C=CNC2=O)CC1,-3.604
CHEMBL1543850,COc1ccc2C(=O)C3=C(Oc2c1)N=C(C(C)C)N(CCc1ccccc1)C3=O,-3.592
CHEMBL178732,CCC(=O)N1CCC(N(CC1)S(=O)(=O)c1ccc(OCC#CC)cc1)C(=O)NO,-3.583
CHEMBL1917605,CC(C)CN(C)S(=O)(=O)c1ccc(C)c(c1)C#Cc1cc(Cl)ccc1OCC(O)=O,-3.579
CHEMBL1417229,CC(=O)c1cccc(NC(=O)c2sc(nc2C)-n2nc(C)c(Cc3ccc4OCOc4c3)c2C)c1,-3.57
CHEMBL606673,CCCCN1CCC23C4Oc5c2c(CC1C3(O)Cc1c4[nH]c2ccccc12)ccc5O,-3.565
CHEMBL1951009,C=CCOCC1Cc2c(C3CC=CC(=O)N13)n(Cc1ccccc1)c1ccccc21,-3.562
CHEMBL3409688,CCOC(=O)C1=C(C)NC2=C(C1c1ccc(O)c(OC)c1)C(=O)CC(C)(C)C2,-3.554
CHEMBL1617108,Clc1cccc2C(Cc3ccccc3Sc12)N1CCNCC1,-3.549
CHEMBL1699806,CCN(CC)CCN(CC1=Cc2cc(C)ccc2NC1=O)C(=S)Nc1ccccc1,-3.528
CHEMBL1575714,CN(CC(=O)Nc1ccc(cc1)S(=O)(=O)N1CCCC1)Cc1ccc(Cl)cc1Cl,-3.518
CHEMBL3639496,CC1CCC(=CC1)c1ccc2OC(C)(C)C3(COC3)C3(COC(N)=N3)c2c1,-3.513
CHEMBL346400,COc1cc2C(=NCCc2cc1OCc1ccccc1)c1ccccc1O,-3.468
CHEMBL366326,O=C(Nc1cc(nn1-c1ccccc1)-c1ccccc1)c1ccsc1,-3.454
CHEMBL1416445,C1CCc2c(C1)sc1ncnc(N3CCOCC3)c21,-3.452
CHEMBL1093873,Cn1c(nc2cc(ccc12)C(F)(F)F)-c1ccc(NC(=O)CN2CCSCC2)cc1,-3.445
CHEMBL1189274,CNC1CN(CC1OC)c1ccc2C(=O)C(=CN(c3nccs3)c2n1)C(O)=O,-3.437
CHEMBL1502245,FC(F)(F)c1cccc(NS(=O)(=O)c2cccc(c2)N2CC(=O)C(C2=N)c2ccccc2)c1,-3.418
CHEMBL1242418,CC1C(CCC(C)=CCC(C)(C)C(CC1=O)C#N)N(C)C,-3.405
CHEMBL1612932,COc1nc(nc(C)c1Cl)N(CC(N)=O)S(=O)(=O)c1ccccc1,-3.4
CHEMBL1359191,CC(=O)c1ccc(cc1)S(=O)(=O)N1CCN(CC#N)CC1,-3.393
CHEMBL2374825,COC(=O)C1C2CC(C)(NC1=O)Oc1ccccc21,-3.384
CHEMBL2218682,Clc1cc(Cl)c(C(=O)N2CCn3c(Br)nnc3C2)c(Cl)c1,-3.383
CHEMBL182140,CC1CC2=CC(=O)CCC2C2C(C)CC3(C)C(O)CCC3C12,-3.352
CHEMBL2134583,ClC1C(=O)C2(Cl)C(Cl)=C(Cl)C2(Cl)C1=O,-3.35
CHEMBL1466276,CCOC(=O)NN1C(Nc2ccccc2C1=O)c1cccs1,-3.341
CHEMBL1984163,CC(CC(=O)Nc1cc(Cl)c(Cl)cc1Cl)=NNC(N)=O,-3.322
CHEMBL1863513,CC=C(C)C(=O)OC1C(C)=CC23C(C)CC4C(C(C=C(CO)C(O)C12O)C3=O)C4(C)C,-3.31
CHEMBL1404864,Cc1ccccc1N1C(=S)C(C#N)C(=O)NC11CCCCC1,-3.302
CHEMBL1902351,COC(=O)C1(C)NC(C2C1C(=O)N(C2=O)c1ccc(F)cc1)c1ccc(C)cc1,-3.285
CHEMBL1481671,COc1ccc2n(Cc3ccc(OC)c(OC)c3)c3nc4ccccc4nc3c2c1,-3.272
CHEMBL467635,CN(C)c1ccc(cc1)-c1cc(Nc2ccc(C)c(NS(C)(=O)=O)c2)ncn1,-3.271
CHEMBL2333855,CN(C)CCn1nc2-c3cnccc3C(=O)c3c(ccc1c23)N(C)C,-3.268
CHEMBL1366006,CCOc1ccc(cc1)-c1nnc(SCC(=O)Nc2cc(C)on2)o1,-3.257
CHEMBL3441718,O=C(N1CCCO1)c1cc(-c2ccn(CC3CC3)n2)n2ccccc12,-3.252
CHEMBL3643251,CCc1ncnc(-c2ccc(C(=O)N(C)OC)c(OC)c2)c1C#Cc1ccc(N)nc1,-3.23
CHEMBL1564770,OC(=O)C1CC=CCC1C(=O)Nc1cccc(c1)C(=O)N1CCCCC1,-3.228
CHEMBL3640638,CON(Cc1cc(C(=O)NOCCO)c(Nc2ccc(cc2F)C#C)c(F)c1F)C(=O)C(C)C,-3.193
CHEMBL1471329,COc1ccc(cc1)-n1nc2CS(=O)(=O)Cc2c1NC(=O)c1ccco1,-3.184
CHEMBL1588879,CSC1=NP(=S)(SC)N(C)c2nc3CCCn3c12,-3.127
CHEMBL2003192,CC(=O)OC1(C(C=C)c2ccccc2)C(OC(=O)C1=O)C1COC(C)(C)O1,-3.122
CHEMBL1806877,CCCN1CCc2cccc-3c2C1Cc1cccc(N)c-31,-3.111
CHEMBL2252010,CC1C2NC(NC1(C)Cc1ccccc21)=NC#N,-3.075
CHEMBL3209312,CCOC(=O)C1=C(C)NC(SCC#C)=C(C#N)C1c1cccs1,-3.074
CHEMBL325801,Fc1ccccc1C1=NC(CC(=O)OCc2ccncc2)C(=O)Nc2ccc(Cl)cc12,-3.061
CHEMBL1606235,CCOC(=O)Cc1csc(NC(=O)CN(C)S(=O)(=O)c2ccc3NC(=O)CCc3c2)n1,-3.048
CHEMBL1557144,CCNC(=S)N1CCN(CC1)S(=O)(=O)c1cccc(c1)C(F)(F)F,-3.044
CHEMBL477551,CCN(CC)c1nc(nc2cc(OC)c(OC)cc12)N1CCN(CC1)C(=O)c1ccco1,-3.016
CHEMBL3605543,CCn1c(nc2ccc(cc12)C(F)(F)F)C(C)NS(=O)(=O)c1ccncc1,-3.012
CHEMBL3460619,Cc1n[nH]c(n1)C1CN(CCO1)C(=O)c1ccc2CCCCc2c1,-2.981
CHEMBL1579045,COC(=O)c1cccc(NC(=S)N2CCN(C)CC2)c1,-2.977
CHEMBL1271942,Fc1ccc(cc1)S(=O)(=O)N1CCC2(CCN(Cc3ccc(Cl)cc3)C2=O)CC1,-2.976
CHEMBL475699,CC1=C(C=CC(=O)C=Cc2cc(cc(c2)C(F)(F)F)C(F)(F)F)C(C)(C)CCC1O,-2.969
CHEMBL1549212,CCOc1ccc(cc1OCC)C1C(C#N)C(=N)Oc2cc(O)ccc12,-2.923
CHEMBL3478248,CC1N(CCn2cccc12)C(=O)CCc1nc(no1)-c1ccccc1,-2.918
CHEMBL1081283,CN1CC2CC1CN2c1ccc(cc1)-c1ccnc2c(c(nn12)-c1ccncc1)-c1ccc(F)c(O)c1,-2.894
CHEMBL3142752,Cc1cccc(CNC(=O)C2CCCN2C(=O)C(N)C(c2ccccc2)c2ccccc2)c1,-2.887
CHEMBL3688268,Cc1c(nc2ccc(Cl)cn12)N(Cc1ccc(cc1)C(F)(F)F)S(=O)(=O)c1ccccc1,-2.875
CHEMBL2314282,C1Cc2c(nc(nc2-c2ccncc2)N2CCOCC2)N1c1ccncc1,-2.859
CHEMBL1453438,COC(=O)CCC(=O)NNC(=O)CCCOc1ccc(Cl)cc1Cl,-2.839
CHEMBL3650933,Cc1nn(C2CC2)c2C(=O)N(C(c12)c1ccc(Cl)cc1)c1cc(C)c2nnn(C)c2c1,-2.821
CHEMBL1451494,COc1cc(OC)cc(c1)C(=O)Nc1cccc(c1)N1CCCC1,-2.808
CHEMBL240045,CC(C(=O)N1c2ccccc2Sc2ccccc12)c1ccccc1,-2.808
CHEMBL425841,CC1(C)OC2COC3(CSc4ncnc5[nH]cnc45)OC(C)(C)OC3C2O1,-2.805
CHEMBL3134430,Cc1ccc2C(=O)C(Oc2c1)=CC1=COc2ccc(Cl)cc2C1=O,-2.8
CHEMBL1083954,OC(=O)c1ccc(CN(Cc2ccccn2)S(=O)(=O)c2ccc(Cl)cc2)cc1F,-2.769
CHEMBL3479666,COCCN(Cc1c(C)nn(C)c1C)C(=O)C1COc2ccccc2C1,-2.728
CHEMBL3410622,Clc1ccc(cc1)-c1ccc(NC(=O)Cn2cnc(n2)N(=O)=O)cc1,-2.693
CHEMBL123600,O=C1C2=C(N(CCC[N-][N+]#N)C(=O)c3cc(ccc23)N(=O)=O)c2ccccc12,-2.676
CHEMBL1603798,Cc1cc(C)cc(c1)-n1nnnc1SCC(=O)N1CCOCC1,-2.676
CHEMBL1903746,CC1CN(CC(C)O1)S(=O)(=O)c1ccc(cc1)C(=O)Nc1nncs1,-2.671
CHEMBL381966,O=C(CCN1CCCC1)Nc1ccc(Nc2c3ccccc3nc3ccccc23)cc1,-2.657
CHEMBL3278847,CC(NC=O)C(=O)Oc1ccc(cc1)N(=O)=O,-2.612
CHEMBL190107,CC1CC(=O)C2=C1C1OC(=O)C(=C)C1CCC2C,-2.6
CHEMBL368246,CC(C)C(=O)N1CCn2cc(C3=C(C(=O)NC3=O)c3cnc4ccccn34)c3cccc(C1)c23,-2.52
CHEMBL1255101,CC(=O)OCc1ccc(NC(=O)N2CCC(CN3CCCC3=O)C2)cc1,-2.469
CHEMBL14213,COc1ccccc1N1CCN(CCN2C(=O)N(C)c3scc(c3C2=O)-c2ccccc2)CC1,-2.463
CHEMBL1452514,Cc1noc(C)c1S(=O)(=O)N(CC(=O)N1CCN(Cc2ccccc2)CC1)c1cc(C)cc(C)c1,-2.445
CHEMBL3682184,Cc1cccc(c1)-c1nccnc1C1CN(C1)C(=O)c1nc2ccccc2[nH]1,-2.443
CHEMBL2359561,CC1(CCN1C(=O)CCC1CCCC1)C(=O)Nc1cccc2cccnc12,-2.406
CHEMBL100756,COC(=O)C(c1ccc(Cl)cc1)c1c2ccccc2nc2ccccc12,-2.281
CHEMBL3126252,Brc1ccc(cc1)C1=CSC(=NNC(=O)CSc2ncccn2)N1c1ccccc1,-2.274
CHEMBL1405346,Cc1ccc2n(C)c3c(N(CC(=O)NCC4CCCO4)C(=O)N(C3=O)c3ccccc3)c2c1,-2.25
CHEMBL1586134,OC1(CN2CCN(CC2)c2ccccc2)CCN(CC1)S(=O)(=O)c1ccccc1,-2.245
CHEMBL148428,NS(=O)(=O)c1ccc(cc1CO)-n1nc(cc1-c1ccc(Cl)cc1)C(F)(F)F,-2.221
CHEMBL1537936,Cc1ccc(cc1)N1CC(CC1=O)C(=O)N1CCN(CC1)C(=O)c1ccco1,-2.209
CHEMBL472629,CC(C)NC(=O)C1CCN(CC1)S(=O)(=O)c1c(C)cc(C)cc1C,-2.185
CHEMBL1916121,Cc1nc(-c2ccccc2C)n2c1c(C)nc1c(OCC3CC3)cc(F)cc21,-2.17
CHEMBL1316665,Cc1cccc(NS(=O)(=O)c2coc(c2)C(N)=O)c1C,-2.115
CHEMBL1560618,CC1(C)CC(CC(C)(C)N1)NC(=O)COc1ccc(cc1)N(=O)=O,-2.111
CHEMBL2104641,CN1CCC(C)(CN2c3ccccc3Sc3ccccc23)C1,-1.996
CHEMBL2261449,O=C(Nc1c(cnn1-c1ccc(cc1N(=O)=O)N(=O)=O)C#N)C12CC3CC(CC(C3)C1)C2,-1.959
CHEMBL3686081,CC(C)c1cc(-c2nnc(NC(=O)c3cc(C)on3)n2-c2ccc3n(C)ccc3c2)c(O)cc1O,-1.84
CHEMBL1318187,COc1ccc(OC)c(NC(=O)CN2C(=O)N(Cc3ccccc3)C(=O)c3ccccc23)c1,-1.838
CHEMBL1642315,CN1c2n[nH]cc2C(=O)N(c2ccccc2)c2cc(Cl)ccc12,-1.815
CHEMBL1898143,Cc1ccc(cc1C)N(C(C(=O)NC(C)(C)C)c1cccnc1)C(=O)c1csnn1,-1.781
CHEMBL1602790,CCCN1c2nnc(SCc3c(oc4ccccc34)C(=O)OCC)n2-c2ccccc2C1=O,-1.778
CHEMBL1257241,CCC(=O)N1C(Oc2nc(SC)nnc2-c2ccccc12)c1ccc(C)s1,-1.772
CHEMBL1341932,CCC1=NN2C(S1)=NC(=O)C(=Cc1cccn1-c1c(C)cccc1C)C2=N,-1.759
CHEMBL2368432,COCOC1C(=O)OCC11C2(CC3OC(=O)C4(CC(Cl)C(Cl)C134)O2)C(C)(C)C,-1.751
CHEMBL1590035,CCc1ccc(CNC(=O)C2CCN(CC2)C(=O)c2ccc(s2)-n2c(C)cc3ccccc23)cc1,-1.673
CHEMBL1626154,CCC(C)c1ccc(cc1)S(=O)(=O)Nc1cccnc1,-1.641
CHEMBL1271361,CC(=O)OCC1OC(NS(=O)(=O)c2ccc(C)cc2)C=CC1OC(C)=O,-1.612
CHEMBL1162112,CSC1OC(CO)C(O)C(NC(=O)c2ccc(C)cc2)C1OP(O)(=O)OCc1ccccc1,-1.566
CHEMBL1341094,CC(=O)NC1C(OCc2ccccc2)OC(COC(C)=O)C(OC(C)=O)C1OC(C)=O,-1.452
CHEMBL3264641,CCCCn1cc(C(=O)Nc2ccc(C)c(c2)S(=O)(=O)N2CCOCC2)c(n1)-c1ccc(C)cc1,-1.434
CHEMBL1409544,COc1ccc(cc1)N(CC(=O)Nc1cccc(C)c1)S(=O)(=O)c1c(C)noc1C,-1.128
CHEMBL3471585,Cc1noc(C)c1C(=O)N1CC2CN(Cc3cccnc3)CCOC2C1,-1.107
CHEMBL80484,Cc1noc(NS(=O)(=O)c2cc(C)ccc2C)c1Br,-1.079
CHEMBL3687564,COc1ccccc1-c1cncc2cc(ccc12)S(=O)(=O)Nc1ccncn1,-0.982
CHEMBL1328855,CCOc1ccc(CNC(=O)Cn2ccc3cc(ccc23)S(=O)(=O)N2CCCCCC2)cc1,-0.837
CHEMBL250452,COC(=O)C1C(N(Cc2ccccn2)C(C(C(=O)OC)C1=O)c1ccccn1)c1ccccn1,0.011
CHEMBL1882177,CC1CC(C)CN(C1)S(=O)(=O)c1ccc(NC(=O)CCNC(=O)c2ccc(cc2)N(=O)=O)cc1,0.36
CHEMBL1405632,CC1CCCCC1NC(=O)C1CCN(CC1)S(=O)(=O)c1cccc2nsnc12,0.508
CHEMBL496993,CCN(CC)C(=O)CN(c1ccc(C)cc1)S(=O)(=O)c1ccc(CC)cc1,2.417
CHEMBL360260,COC(=O)C1=C(CCC1)c1ccc(CNc2nccc(C)c2NC(=O)CC#N)cc1,3.764
